{"allreduce_latency": 0.0, "grad_gnorm": 2.677313804626465, "cur_lr": 0.001, "entropy_coeff": 0.01, "policy_entropy": 10.064403533935547, "policy_loss": -0.01898489147424698, "vf_loss": 0.05100758373737335, "total_loss": -0.09412512928247452, "pole_angles": 0.0, "episode_reward": 0.534, "episode_lengths": 5.66, "training_iteration_time_ms": 0.577, "grad_wait_time_ms": 0.577, "apply_grad_time_ms": 1.637, "apply_grad_throughput": 6107.024, "synch_weights_time_ms": 0.0, "num_env_steps_sampled": 1000, "num_env_steps_trained": 1000, "num_agent_steps_sampled": 1000, "num_agent_steps_trained": 1000, "_timestamp": 1668606143.688191, "_runtime": 264.59627985954285, "_step": 4}