{"allreduce_latency": 0.0, "grad_gnorm": 30.0, "cur_lr": 0.001, "entropy_coeff": 0.01, "policy_entropy": 14.511775016784668, "policy_loss": 14.095314025878906, "vf_loss": 7.7477288246154785, "total_loss": 17.82406234741211, "pole_angles": 0.0, "episode_reward": -0.96551724137931, "episode_lengths": 20.655172413793103, "training_iteration_time_ms": 1.616, "grad_wait_time_ms": 0.717, "apply_grad_time_ms": 2.793, "apply_grad_throughput": 3580.407, "synch_weights_time_ms": 5.181, "num_env_steps_sampled": 600, "num_env_steps_trained": 600, "num_agent_steps_sampled": 600, "num_agent_steps_trained": 600, "_timestamp": 1669212723.505408, "_runtime": 61.661699056625366, "_step": 2}