{"allreduce_latency": 0.0, "grad_gnorm": 11.663771629333496, "cur_lr": 0.001, "entropy_coeff": 0.01, "policy_entropy": 10.553520202636719, "policy_loss": -4.470152854919434, "vf_loss": 1.4569343328475952, "total_loss": -3.8472208976745605, "pole_angles": 0.0, "episode_reward": -2.6866666666666617, "episode_lengths": 37.86666666666667, "training_iteration_time_ms": 0.0, "grad_wait_time_ms": 0.0, "apply_grad_time_ms": 0.2, "apply_grad_throughput": 49973.835, "synch_weights_time_ms": 1.76, "num_env_steps_sampled": 600, "num_env_steps_trained": 600, "num_agent_steps_sampled": 600, "num_agent_steps_trained": 600, "_timestamp": 1668608810.6013813, "_runtime": 80.51416325569153, "_step": 2, "_wandb": {"runtime": 80}}