{"allreduce_latency": 0.0, "grad_gnorm": 2.3420350551605225, "cur_lr": 0.001, "entropy_coeff": 0.01, "policy_entropy": 9.214324951171875, "policy_loss": 0.6385989785194397, "vf_loss": 0.08615037053823471, "total_loss": 0.5895309448242188, "pole_angles": 0.0, "episode_reward": 0.6689999999999998, "episode_lengths": 4.31, "training_iteration_time_ms": 0.0, "grad_wait_time_ms": 0.0, "apply_grad_time_ms": 0.0, "apply_grad_throughput": 0.0, "synch_weights_time_ms": 1.667, "num_env_steps_sampled": 2200, "num_env_steps_trained": 2200, "num_agent_steps_sampled": 2200, "num_agent_steps_trained": 2200, "_timestamp": 1668694985.638831, "_runtime": 421.43647599220276, "_step": 10, "_wandb": {"runtime": 448}}