{"pole_angles": 0.09283296018838882, "episode_reward": 35.78, "episode_lengths": 35.78, "training_iteration_time_ms": 0.148, "grad_wait_time_ms": 0.138, "apply_grad_time_ms": 1.502, "apply_grad_throughput": 6659.422, "synch_weights_time_ms": 1.467, "num_env_steps_sampled": 31530, "num_env_steps_trained": 31530, "num_agent_steps_sampled": 31530, "num_agent_steps_trained": 31530, "_timestamp": 1664546831.0504189, "_runtime": 155.96715688705444, "_step": 29, "allreduce_latency": 0.0, "grad_gnorm": 30.0, "cur_lr": 0.001, "entropy_coeff": 0.01, "policy_entropy": 5.124514102935791, "policy_loss": -150.15518188476562, "vf_loss": 2800.10888671875, "total_loss": 1249.8480224609375, "_wandb": {"runtime": 155}}