{"allreduce_latency": 0.0, "grad_gnorm": 7.485790252685547, "cur_lr": 0.001, "entropy_coeff": 0.01, "policy_entropy": 16.08171844482422, "policy_loss": -8.698993682861328, "vf_loss": 1.8105978965759277, "total_loss": -7.954511642456055, "pole_angles": 0.0, "episode_reward": -2.9499999999999944, "episode_lengths": 40.5, "training_iteration_time_ms": 0.0, "grad_wait_time_ms": 0.0, "apply_grad_time_ms": 0.007, "apply_grad_throughput": 1366222.801, "synch_weights_time_ms": 4.046, "num_env_steps_sampled": 200, "num_env_steps_trained": 200, "num_agent_steps_sampled": 200, "num_agent_steps_trained": 200, "_timestamp": 1669373169.3214, "_runtime": 20.86963701248169, "_step": 0, "_wandb": {"runtime": 22}}