{"pole_angles": 0.08790834248065948, "episode_reward": 32.61, "episode_lengths": 32.61, "training_iteration_time_ms": 0.376, "grad_wait_time_ms": 0.333, "apply_grad_time_ms": 2.811, "apply_grad_throughput": 3557.419, "synch_weights_time_ms": 1.855, "num_env_steps_sampled": 16880, "num_env_steps_trained": 16880, "num_agent_steps_sampled": 16880, "num_agent_steps_trained": 16880, "_timestamp": 1664546606.452175, "_runtime": 237.51570296287537, "_step": 15, "allreduce_latency": 0.0, "grad_gnorm": 30.0, "cur_lr": 0.001, "entropy_coeff": 0.01, "policy_entropy": 6.871024131774902, "policy_loss": 29.42892837524414, "vf_loss": 113.22547149658203, "total_loss": 85.97295379638672}