{"pole_angles": 0.0, "episode_reward": 0.7962085308056872, "episode_lengths": 3.037914691943128, "training_iteration_time_ms": 0.794, "grad_wait_time_ms": 0.794, "apply_grad_time_ms": 2.681, "apply_grad_throughput": 3730.227, "synch_weights_time_ms": 3.377, "num_env_steps_sampled": 36490, "num_env_steps_trained": 36490, "num_agent_steps_sampled": 36490, "num_agent_steps_trained": 36490, "_timestamp": 1667562843.933713, "_runtime": 259.6975588798523, "_step": 50, "allreduce_latency": 0.0, "grad_gnorm": 0.10385831445455551, "cur_lr": 0.001, "entropy_coeff": 0.01, "policy_entropy": 3.2070744037628174, "policy_loss": -0.01642969809472561, "vf_loss": 0.00018725174595601857, "total_loss": -0.04840681701898575, "image of v": {"_type": "image-file", "sha256": "6bf54dd805dbe2f1b27769861f31a3daaa3b2395b4232bbb6aaf86af43cd0aea", "size": 86, "path": "media/images/image of v_50_6bf54dd805dbe2f1b277.png", "format": "png", "width": 4, "height": 4, "caption": "Top: Output, Bottom: Input"}, "_wandb": {"runtime": 259}}