{"allreduce_latency": 0.0, "grad_gnorm": 11.457008361816406, "cur_lr": 0.001, "entropy_coeff": 0.01, "policy_entropy": 9.607850074768066, "policy_loss": -0.9811433553695679, "vf_loss": 0.1772255003452301, "total_loss": -0.9886091351509094, "pole_angles": 0.0, "episode_reward": -7.230136986301369, "episode_lengths": 80.58904109589041, "training_iteration_time_ms": 2.246, "grad_wait_time_ms": 0.501, "apply_grad_time_ms": 3.444, "apply_grad_throughput": 2903.336, "synch_weights_time_ms": 23.302, "num_env_steps_sampled": 6000, "num_env_steps_trained": 6000, "num_agent_steps_sampled": 6000, "num_agent_steps_trained": 6000, "_timestamp": 1668857112.6373339, "_runtime": 71145.0485599041, "_step": 29, "_wandb": {"runtime": 71628}}