{"allreduce_latency": 0.0, "grad_gnorm": 30.0, "cur_lr": 0.001, "entropy_coeff": 0.01, "policy_entropy": 6.690859794616699, "policy_loss": -55.44816589355469, "vf_loss": 486.5755615234375, "total_loss": 187.772705078125, "pole_angles": 0.09539313614368439, "episode_reward": 33.87, "episode_lengths": 33.87, "training_iteration_time_ms": 0.1, "grad_wait_time_ms": 0.1, "apply_grad_time_ms": 0.796, "apply_grad_throughput": 12563.062, "synch_weights_time_ms": 0.903, "num_env_steps_sampled": 30510, "num_env_steps_trained": 30510, "num_agent_steps_sampled": 30510, "num_agent_steps_trained": 30510, "_timestamp": 1666271547.798999, "_runtime": 52.48543310165405, "_step": 9}