{"allreduce_latency": 0.0, "grad_gnorm": 30.0, "cur_lr": 0.001, "entropy_coeff": 0.01, "policy_entropy": 6.808923244476318, "policy_loss": 33.58644485473633, "vf_loss": 152.8520965576172, "total_loss": 109.94440460205078, "pole_angles": 0.07934944331645966, "episode_reward": 24.796992481203006, "episode_lengths": 24.796992481203006, "training_iteration_time_ms": 0.7, "grad_wait_time_ms": 0.208, "apply_grad_time_ms": 0.806, "apply_grad_throughput": 12408.449, "synch_weights_time_ms": 0.699, "num_env_steps_sampled": 3350, "num_env_steps_trained": 3350, "num_agent_steps_sampled": 3350, "num_agent_steps_trained": 3350, "_timestamp": 1666276726.346341, "_runtime": 5.822441816329956, "_step": 0, "_wandb": {"runtime": 13}}