{"allreduce_latency": 0.0, "grad_gnorm": 1.3382432460784912, "cur_lr": 0.001, "entropy_coeff": 0.01, "policy_entropy": 8.215235710144043, "policy_loss": 0.17548322677612305, "vf_loss": 0.07811391353607178, "total_loss": 0.13238783180713654, "pole_angles": 0.0, "episode_reward": 0.653, "episode_lengths": 4.47, "training_iteration_time_ms": 0.4, "grad_wait_time_ms": 0.1, "apply_grad_time_ms": 1.401, "apply_grad_throughput": 7139.484, "synch_weights_time_ms": 1.506, "num_env_steps_sampled": 4200, "num_env_steps_trained": 4200, "num_agent_steps_sampled": 4200, "num_agent_steps_trained": 4200, "_timestamp": 1668603387.9555185, "_runtime": 513.9620494842529, "_step": 20, "_wandb": {"runtime": 523}}