{"allreduce_latency": 0.0, "grad_gnorm": 9.118666648864746, "cur_lr": 0.001, "entropy_coeff": 0.01, "policy_entropy": 11.49091625213623, "policy_loss": 1.6373460292816162, "vf_loss": 1.5256072282791138, "total_loss": 2.285240411758423, "pole_angles": 0.0, "episode_reward": -0.14197530864197547, "episode_lengths": 12.283950617283951, "training_iteration_time_ms": 0.0, "grad_wait_time_ms": 0.0, "apply_grad_time_ms": 0.919, "apply_grad_throughput": 10877.909, "synch_weights_time_ms": 0.904, "num_env_steps_sampled": 1000, "num_env_steps_trained": 1000, "num_agent_steps_sampled": 1000, "num_agent_steps_trained": 1000, "_timestamp": 1669211563.0335572, "_runtime": 3739.942402124405, "_step": 4}