{"pole_angles": 0.0, "episode_reward": 0.5545081967213116, "episode_lengths": 5.454918032786885, "training_iteration_time_ms": 0.406, "grad_wait_time_ms": 0.406, "apply_grad_time_ms": 0.207, "apply_grad_throughput": 48299.217, "synch_weights_time_ms": 2.537, "num_env_steps_sampled": 2700, "num_env_steps_trained": 2700, "num_agent_steps_sampled": 2700, "num_agent_steps_trained": 2700, "_timestamp": 1666601547.4487922, "_runtime": 11.427216291427612, "_step": 1}