{"loss": 3.0, "_timestamp": 1664448996.9939933, "_runtime": 2.7315852642059326, "_step": 9}