{"allreduce_latency": 0.0, "grad_gnorm": 30.0, "cur_lr": 0.001, "entropy_coeff": 0.01, "policy_entropy": 13.068631172180176, "policy_loss": 83.24732208251953, "vf_loss": 299.3253173828125, "total_loss": 232.77928161621094, "pole_angles": 0.0, "episode_reward": -1.140999999999999, "episode_lengths": 22.19, "training_iteration_time_ms": 0.5, "grad_wait_time_ms": 0.2, "apply_grad_time_ms": 2.16, "apply_grad_throughput": 4629.986, "synch_weights_time_ms": 0.607, "num_env_steps_sampled": 80000, "num_env_steps_trained": 80000, "num_agent_steps_sampled": 80000, "num_agent_steps_trained": 80000, "_timestamp": 1668726196.7733412, "_runtime": 14089.045708179474, "_step": 399, "_wandb": {"runtime": 14088}}