{"allreduce_latency": 0.0, "grad_gnorm": 3.4016528129577637, "cur_lr": 0.001, "entropy_coeff": 0.01, "policy_entropy": 8.004850387573242, "policy_loss": 0.26306837797164917, "vf_loss": 0.1582498699426651, "total_loss": 0.2621448040008545, "pole_angles": 0.0, "episode_reward": 0.691, "episode_lengths": 4.09, "training_iteration_time_ms": 0.6, "grad_wait_time_ms": 0.3, "apply_grad_time_ms": 1.05, "apply_grad_throughput": 9527.312, "synch_weights_time_ms": 1.521, "num_env_steps_sampled": 4000, "num_env_steps_trained": 4000, "num_agent_steps_sampled": 4000, "num_agent_steps_trained": 4000, "_timestamp": 1668601141.086944, "_runtime": 546.9322080612183, "_step": 19, "_wandb": {"runtime": 546}}