{"pole_angles": 0.08328402787446976, "episode_reward": 30.02, "episode_lengths": 30.02, "training_iteration_time_ms": 3.811, "grad_wait_time_ms": 0.806, "apply_grad_time_ms": 2.843, "apply_grad_throughput": 3517.325, "synch_weights_time_ms": 2.06, "num_env_steps_sampled": 10710, "num_env_steps_trained": 10710, "num_agent_steps_sampled": 10710, "num_agent_steps_trained": 10710, "_timestamp": 1664540380.0483923, "_runtime": 47.121997356414795, "_step": 9, "allreduce_latency": 0.0, "grad_gnorm": 30.0, "cur_lr": 0.001, "entropy_coeff": 0.01, "policy_entropy": 6.840016841888428, "policy_loss": -20.11345863342285, "vf_loss": 417.9807434082031, "total_loss": 188.80850219726562}