{"allreduce_latency": 0.0, "grad_gnorm": 10.308808326721191, "cur_lr": 0.001, "entropy_coeff": 0.01, "policy_entropy": 13.409185409545898, "policy_loss": 0.7249978184700012, "vf_loss": 4.897515296936035, "total_loss": 3.039663553237915, "pole_angles": 0.0, "episode_reward": -7.671428571428572, "episode_lengths": 84.57142857142857, "training_iteration_time_ms": 3.363, "grad_wait_time_ms": 0.843, "apply_grad_time_ms": 9.776, "apply_grad_throughput": 1022.916, "synch_weights_time_ms": 4.411, "num_env_steps_sampled": 600, "num_env_steps_trained": 600, "num_agent_steps_sampled": 600, "num_agent_steps_trained": 600, "_timestamp": 1668687766.8757496, "_runtime": 97.27783060073853, "_step": 2, "_wandb": {"runtime": 96}}