{"episode_reward": 22.15, "episode_lengths": 22.15, "training_iteration_time_ms": 0.401, "grad_wait_time_ms": 0.359, "apply_grad_time_ms": 2.326, "apply_grad_throughput": 4298.984, "synch_weights_time_ms": 1.701, "num_env_steps_sampled": 12900, "num_env_steps_trained": 12900, "num_agent_steps_sampled": 12900, "num_agent_steps_trained": 12900, "_timestamp": 1664535765.5591195, "_runtime": 272.91156339645386, "_step": 9, "allreduce_latency": 0.0, "grad_gnorm": 30.0, "cur_lr": 0.001, "entropy_coeff": 0.01, "policy_entropy": 6.889713287353516, "policy_loss": 29.80805778503418, "vf_loss": 138.93223571777344, "total_loss": 99.20528411865234}