{"pole_angles": 0.09920791536569595, "episode_reward": 49.4, "episode_lengths": 49.4, "training_iteration_time_ms": 1.555, "grad_wait_time_ms": 1.555, "apply_grad_time_ms": 3.368, "apply_grad_throughput": 2968.851, "synch_weights_time_ms": 1.507, "num_env_steps_sampled": 77610, "num_env_steps_trained": 77610, "num_agent_steps_sampled": 77610, "num_agent_steps_trained": 77610, "_timestamp": 1666263675.1708987, "_runtime": 272.99954557418823, "_step": 49, "allreduce_latency": 0.0, "grad_gnorm": 30.0, "cur_lr": 0.001, "entropy_coeff": 0.01, "policy_entropy": 6.440556526184082, "policy_loss": 15.41258430480957, "vf_loss": 121.55506896972656, "total_loss": 76.1257095336914}