{"pole_angles": 0.0, "episode_reward": 0.6759124087591241, "episode_lengths": 4.240875912408759, "training_iteration_time_ms": 2.334, "grad_wait_time_ms": 1.04, "apply_grad_time_ms": 3.684, "apply_grad_throughput": 2714.602, "synch_weights_time_ms": 2.103, "num_env_steps_sampled": 9340, "num_env_steps_trained": 9340, "num_agent_steps_sampled": 9340, "num_agent_steps_trained": 9340, "_timestamp": 1664885951.4044554, "_runtime": 159.07896947860718, "_step": 29, "allreduce_latency": 0.0, "grad_gnorm": 1.623306393623352, "cur_lr": 0.001, "entropy_coeff": 0.01, "policy_entropy": 8.230462074279785, "policy_loss": 0.34904637932777405, "vf_loss": 0.06778673827648163, "total_loss": 0.30063512921333313, "_wandb": {"runtime": 157}}