{"allreduce_latency": 0.0, "grad_gnorm": 1.9890292882919312, "cur_lr": 0.001, "entropy_coeff": 0.01, "policy_entropy": 14.088372230529785, "policy_loss": -0.28473952412605286, "vf_loss": 0.020399639382958412, "total_loss": -0.4154234230518341, "pole_angles": 0.0, "episode_reward": -1.9719999999999975, "episode_lengths": 30.61, "training_iteration_time_ms": 0.553, "grad_wait_time_ms": 0.553, "apply_grad_time_ms": 0.888, "apply_grad_throughput": 11257.157, "synch_weights_time_ms": 1.01, "num_env_steps_sampled": 40000, "num_env_steps_trained": 40000, "num_agent_steps_sampled": 40000, "num_agent_steps_trained": 40000, "_timestamp": 1668704388.672429, "_runtime": 6764.238927125931, "_step": 199, "_wandb": {"runtime": 6763}}