{"allreduce_latency": 0.0, "grad_gnorm": 6.560633659362793, "cur_lr": 0.001, "entropy_coeff": 0.01, "policy_entropy": 8.218367576599121, "policy_loss": 1.147139549255371, "vf_loss": 0.1667005717754364, "total_loss": 1.148306131362915, "pole_angles": 0.0, "episode_reward": 0.6519999999999999, "episode_lengths": 4.48, "training_iteration_time_ms": 0.9, "grad_wait_time_ms": 0.402, "apply_grad_time_ms": 1.597, "apply_grad_throughput": 6261.464, "synch_weights_time_ms": 1.7, "num_env_steps_sampled": 2000, "num_env_steps_trained": 2000, "num_agent_steps_sampled": 2000, "num_agent_steps_trained": 2000, "_timestamp": 1668773505.6587677, "_runtime": 266.28947281837463, "_step": 9, "_wandb": {"runtime": 269}}