{"pole_angles": 0.08518098294734955, "episode_reward": 31.54, "episode_lengths": 31.54, "training_iteration_time_ms": 3.707, "grad_wait_time_ms": 1.658, "apply_grad_time_ms": 5.464, "apply_grad_throughput": 1830.055, "synch_weights_time_ms": 2.421, "num_env_steps_sampled": 11900, "num_env_steps_trained": 11900, "num_agent_steps_sampled": 11900, "num_agent_steps_trained": 11900, "_timestamp": 1664551056.906115, "_runtime": 160.6801631450653, "_step": 29, "allreduce_latency": 0.0, "grad_gnorm": 30.0, "cur_lr": 0.001, "entropy_coeff": 0.01, "policy_entropy": 6.907270431518555, "policy_loss": 31.141942977905273, "vf_loss": 132.7978973388672, "total_loss": 97.4718246459961, "_wandb": {"runtime": 195}}