{"allreduce_latency": 0.0, "grad_gnorm": 21.486467361450195, "cur_lr": 0.001, "entropy_coeff": 0.01, "policy_entropy": 15.686379432678223, "policy_loss": 10.864725112915039, "vf_loss": 4.161218643188477, "total_loss": 12.788470268249512, "pole_angles": 0.0, "episode_reward": -1.1111111111111107, "episode_lengths": 22.11111111111111, "training_iteration_time_ms": 1.323, "grad_wait_time_ms": 0.501, "apply_grad_time_ms": 2.623, "apply_grad_throughput": 3812.588, "synch_weights_time_ms": 0.318, "num_env_steps_sampled": 400, "num_env_steps_trained": 400, "num_agent_steps_sampled": 400, "num_agent_steps_trained": 400, "_timestamp": 1669213888.0647173, "_runtime": 50.47443127632141, "_step": 1}