{"pole_angles": 0.08319791406393051, "episode_reward": 23.11, "episode_lengths": 23.11, "training_iteration_time_ms": 1.158, "grad_wait_time_ms": 0.608, "apply_grad_time_ms": 3.189, "apply_grad_throughput": 3135.389, "synch_weights_time_ms": 1.536, "num_env_steps_sampled": 7520, "num_env_steps_trained": 7520, "num_agent_steps_sampled": 7520, "num_agent_steps_trained": 7520, "_timestamp": 1666099003.669544, "_runtime": 27.623209953308105, "_step": 4, "allreduce_latency": 0.0, "grad_gnorm": 30.0, "cur_lr": 0.001, "entropy_coeff": 0.01, "policy_entropy": 6.860581874847412, "policy_loss": 14.77114200592041, "vf_loss": 46.572750091552734, "total_loss": 37.98891067504883}