{"allreduce_latency": 0.0, "grad_gnorm": 20.449718475341797, "cur_lr": 0.001, "entropy_coeff": 0.01, "policy_entropy": 15.751945495605469, "policy_loss": -7.6895365715026855, "vf_loss": 1.5029038190841675, "total_loss": -7.095603942871094, "pole_angles": 0.0, "episode_reward": -8.149999999999999, "episode_lengths": 89.75, "training_iteration_time_ms": 1.206, "grad_wait_time_ms": 0.512, "apply_grad_time_ms": 8.927, "apply_grad_throughput": 1120.169, "synch_weights_time_ms": 0.714, "num_env_steps_sampled": 400, "num_env_steps_trained": 400, "num_agent_steps_sampled": 400, "num_agent_steps_trained": 400, "_timestamp": 1669214056.504218, "_runtime": 40.44545316696167, "_step": 1}