{"allreduce_latency": 0.0, "grad_gnorm": 19.196821212768555, "cur_lr": 0.001, "entropy_coeff": 0.01, "policy_entropy": 15.525103569030762, "policy_loss": 13.3643217086792, "vf_loss": 5.432543754577637, "total_loss": 15.925342559814453, "pole_angles": 0.0, "episode_reward": 0.4244444444444444, "episode_lengths": 6.7555555555555555, "training_iteration_time_ms": 0.805, "grad_wait_time_ms": 0.805, "apply_grad_time_ms": 1.203, "apply_grad_throughput": 8310.489, "synch_weights_time_ms": 2.229, "num_env_steps_sampled": 2120, "num_env_steps_trained": 2120, "num_agent_steps_sampled": 2120, "num_agent_steps_trained": 2120, "_timestamp": 1666691519.8160563, "_runtime": 123.54974436759949, "_step": 1}