{"pole_angles": 0.08289549499750137, "episode_reward": 28.92, "episode_lengths": 28.92, "training_iteration_time_ms": 0.801, "grad_wait_time_ms": 0.801, "apply_grad_time_ms": 1.039, "apply_grad_throughput": 9625.483, "synch_weights_time_ms": 1.1, "num_env_steps_sampled": 8030, "num_env_steps_trained": 8030, "num_agent_steps_sampled": 8030, "num_agent_steps_trained": 8030, "_timestamp": 1666098492.0614452, "_runtime": 28.157597303390503, "_step": 4, "allreduce_latency": 0.0, "grad_gnorm": 30.0, "cur_lr": 0.001, "entropy_coeff": 0.01, "policy_entropy": 6.9107584953308105, "policy_loss": 30.824975967407227, "vf_loss": 136.72645568847656, "total_loss": 99.11909484863281}