{"allreduce_latency": 0.0, "grad_gnorm": 0.0017906208522617817, "cur_lr": 0.001, "entropy_coeff": 0.01, "policy_entropy": 4.195155620574951, "policy_loss": 0.00011469198216218501, "vf_loss": 7.332493723311018e-09, "total_loss": -0.04183686152100563, "pole_angles": 0.0, "episode_reward": 0.8, "episode_lengths": 3.0, "training_iteration_time_ms": 1.563, "grad_wait_time_ms": 0.0, "apply_grad_time_ms": 0.1, "apply_grad_throughput": 100390.235, "synch_weights_time_ms": 0.2, "num_env_steps_sampled": 125330, "num_env_steps_trained": 125330, "num_agent_steps_sampled": 125330, "num_agent_steps_trained": 125330, "_timestamp": 1666279086.004681, "_runtime": 259.05365014076233, "_step": 49, "_wandb": {"runtime": 259}}