{"allreduce_latency": 0.0, "grad_gnorm": 11.104253768920898, "cur_lr": 0.001, "entropy_coeff": 0.01, "policy_entropy": 8.052787780761719, "policy_loss": 1.158270001411438, "vf_loss": 0.08202216774225235, "total_loss": 1.11875319480896, "pole_angles": 0.0, "episode_reward": -10.228750000000002, "episode_lengths": 108.75, "training_iteration_time_ms": 0.701, "grad_wait_time_ms": 0.2, "apply_grad_time_ms": 1.686, "apply_grad_throughput": 5930.44, "synch_weights_time_ms": 1.875, "num_env_steps_sampled": 8800, "num_env_steps_trained": 8800, "num_agent_steps_sampled": 8800, "num_agent_steps_trained": 8800, "_timestamp": 1668770865.668499, "_runtime": 1456.7324380874634, "_step": 43, "_wandb": {"runtime": 1470}}