{"episode_reward": 25.97, "episode_lengths": 25.97, "training_iteration_time_ms": 3.125, "grad_wait_time_ms": 1.328, "apply_grad_time_ms": 4.546, "apply_grad_throughput": 2199.967, "synch_weights_time_ms": 1.902, "num_env_steps_sampled": 6520, "num_env_steps_trained": 6520, "num_agent_steps_sampled": 6520, "num_agent_steps_trained": 6520, "_timestamp": 1664536748.4982896, "_runtime": 46.71518349647522, "_step": 9, "allreduce_latency": 0.0, "grad_gnorm": 14.814228057861328, "cur_lr": 0.001, "entropy_coeff": 0.01, "policy_entropy": 6.815714359283447, "policy_loss": -1.0473488569259644, "vf_loss": 21.482576370239258, "total_loss": 9.625782012939453, "_wandb": {"runtime": 64}}