{"allreduce_latency": 0.0, "grad_gnorm": 10.594714164733887, "cur_lr": 0.001, "entropy_coeff": 0.01, "policy_entropy": 7.603151321411133, "policy_loss": -0.4250792860984802, "vf_loss": 0.23828832805156708, "total_loss": -0.38196662068367004, "pole_angles": 0.0, "episode_reward": 0.6640000000000001, "episode_lengths": 4.36, "training_iteration_time_ms": 0.0, "grad_wait_time_ms": 0.0, "apply_grad_time_ms": 0.401, "apply_grad_throughput": 24951.243, "synch_weights_time_ms": 1.653, "num_env_steps_sampled": 3000, "num_env_steps_trained": 3000, "num_agent_steps_sampled": 3000, "num_agent_steps_trained": 3000, "_timestamp": 1669026779.144827, "_runtime": 1444.822643995285, "_step": 14}