{"pole_angles": 0.10346855223178864, "episode_reward": 38.57, "episode_lengths": 38.57, "training_iteration_time_ms": 0.0, "grad_wait_time_ms": 0.0, "apply_grad_time_ms": 1.603, "apply_grad_throughput": 6238.646, "synch_weights_time_ms": 1.601, "num_env_steps_sampled": 50350, "num_env_steps_trained": 50350, "num_agent_steps_sampled": 50350, "num_agent_steps_trained": 50350, "_timestamp": 1666264569.8332877, "_runtime": 284.99416160583496, "_step": 49, "allreduce_latency": 0.0, "grad_gnorm": 30.0, "cur_lr": 0.001, "entropy_coeff": 0.01, "policy_entropy": 6.866512775421143, "policy_loss": -14.86904525756836, "vf_loss": 33.575958251953125, "total_loss": 1.8502687215805054, "_wandb": {"runtime": 539}}