{"allreduce_latency": 0.0, "grad_gnorm": 9.14585018157959, "cur_lr": 0.001, "entropy_coeff": 0.01, "policy_entropy": 15.188100814819336, "policy_loss": -8.770401000976562, "vf_loss": 1.6175110340118408, "total_loss": -8.113526344299316, "pole_angles": 0.0, "episode_reward": 0.4519999999999999, "episode_lengths": 6.48, "training_iteration_time_ms": 0.684, "grad_wait_time_ms": 0.579, "apply_grad_time_ms": 4.223, "apply_grad_throughput": 2367.737, "synch_weights_time_ms": 1.462, "num_env_steps_sampled": 3920, "num_env_steps_trained": 3920, "num_agent_steps_sampled": 3920, "num_agent_steps_trained": 3920, "_timestamp": 1668520944.466051, "_runtime": 107.89093399047852, "_step": 19, "_wandb": {"runtime": 107}}