{"allreduce_latency": 0.0, "grad_gnorm": 13.8584566116333, "cur_lr": 0.001, "entropy_coeff": 0.01, "policy_entropy": 14.432010650634766, "policy_loss": -6.535067081451416, "vf_loss": 1.461063027381897, "total_loss": -5.948855400085449, "pole_angles": 0.0, "episode_reward": -4.224999999999994, "episode_lengths": 53.25, "training_iteration_time_ms": 1.836, "grad_wait_time_ms": 0.0, "apply_grad_time_ms": 4.455, "apply_grad_throughput": 2244.66, "synch_weights_time_ms": 2.905, "num_env_steps_sampled": 400, "num_env_steps_trained": 400, "num_agent_steps_sampled": 400, "num_agent_steps_trained": 400, "_timestamp": 1668687908.197054, "_runtime": 72.66932797431946, "_step": 1}