{"pole_angles": 0.0, "episode_reward": 0.5828326180257511, "episode_lengths": 5.171673819742489, "training_iteration_time_ms": 1.703, "grad_wait_time_ms": 0.886, "apply_grad_time_ms": 4.047, "apply_grad_throughput": 2471.119, "synch_weights_time_ms": 2.606, "num_env_steps_sampled": 2540, "num_env_steps_trained": 2540, "num_agent_steps_sampled": 2540, "num_agent_steps_trained": 2540, "_timestamp": 1666864049.5593927, "_runtime": 11.740120649337769, "_step": 1, "allreduce_latency": 0.0, "grad_gnorm": 2.650073528289795, "cur_lr": 0.001, "entropy_coeff": 0.01, "policy_entropy": 9.37527084350586, "policy_loss": 0.339679092168808, "vf_loss": 0.22348719835281372, "total_loss": 0.35766997933387756}