{"pole_angles": 0.0, "episode_reward": 0.6191977077363897, "episode_lengths": 4.808022922636103, "training_iteration_time_ms": 1.452, "grad_wait_time_ms": 1.452, "apply_grad_time_ms": 0.603, "apply_grad_throughput": 16570.417, "synch_weights_time_ms": 0.604, "num_env_steps_sampled": 3540, "num_env_steps_trained": 3540, "num_agent_steps_sampled": 3540, "num_agent_steps_trained": 3540, "_timestamp": 1666345981.6280463, "_runtime": 11.278743267059326, "_step": 1}