{"pole_angles": 0.0, "episode_reward": 0.5969798657718121, "episode_lengths": 5.030201342281879, "training_iteration_time_ms": 1.583, "grad_wait_time_ms": 1.583, "apply_grad_time_ms": 0.107, "apply_grad_throughput": 93248.199, "synch_weights_time_ms": 1.708, "num_env_steps_sampled": 3050, "num_env_steps_trained": 3050, "num_agent_steps_sampled": 3050, "num_agent_steps_trained": 3050, "_timestamp": 1666863548.8885303, "_runtime": 11.572031259536743, "_step": 1}