{"loss": 3.0, "_timestamp": 1664451695.840315, "_runtime": 1.157757043838501, "_step": 9}