{"pole_angles": 0.08306515961885452, "episode_reward": 27.7, "episode_lengths": 27.7, "training_iteration_time_ms": 0.95, "grad_wait_time_ms": 0.35, "apply_grad_time_ms": 4.401, "apply_grad_throughput": 2272.239, "synch_weights_time_ms": 1.068, "num_env_steps_sampled": 10120, "num_env_steps_trained": 10120, "num_agent_steps_sampled": 10120, "num_agent_steps_trained": 10120, "_timestamp": 1666264203.0691085, "_runtime": 38.48898649215698, "_step": 6, "allreduce_latency": 0.0, "grad_gnorm": 30.0, "cur_lr": 0.001, "entropy_coeff": 0.01, "policy_entropy": 6.905667781829834, "policy_loss": 31.447399139404297, "vf_loss": 137.3474884033203, "total_loss": 100.05208587646484}