{"allreduce_latency": 0.0, "grad_gnorm": 3.3288395404815674, "cur_lr": 0.001, "entropy_coeff": 0.01, "policy_entropy": 9.50406265258789, "policy_loss": 1.0561305284500122, "vf_loss": 0.24817876517772675, "total_loss": 1.0851792097091675, "pole_angles": 0.0, "episode_reward": 0.5474103585657369, "episode_lengths": 5.52589641434263, "training_iteration_time_ms": 1.099, "grad_wait_time_ms": 0.0, "apply_grad_time_ms": 2.35, "apply_grad_throughput": 4255.282, "synch_weights_time_ms": 2.194, "num_env_steps_sampled": 2770, "num_env_steps_trained": 2770, "num_agent_steps_sampled": 2770, "num_agent_steps_trained": 2770, "_timestamp": 1666689232.8684864, "_runtime": 11.467281341552734, "_step": 1}