{"allreduce_latency": 0.0, "grad_gnorm": 30.0, "cur_lr": 0.001, "entropy_coeff": 0.01, "policy_entropy": 11.036888122558594, "policy_loss": 4.057847023010254, "vf_loss": 2.3031187057495117, "total_loss": 5.0990376472473145, "pole_angles": 0.0, "episode_reward": -7.471739130434785, "episode_lengths": 82.3695652173913, "training_iteration_time_ms": 1.625, "grad_wait_time_ms": 0.201, "apply_grad_time_ms": 2.797, "apply_grad_throughput": 3575.067, "synch_weights_time_ms": 3.118, "num_env_steps_sampled": 3800, "num_env_steps_trained": 3800, "num_agent_steps_sampled": 3800, "num_agent_steps_trained": 3800, "_timestamp": 1669304697.820908, "_runtime": 551.1671380996704, "_step": 18, "_wandb": {"runtime": 560}}