{"pole_angles": 0.0, "episode_reward": 0.744343891402715, "episode_lengths": 3.5565610859728505, "training_iteration_time_ms": 0.15, "grad_wait_time_ms": 0.15, "apply_grad_time_ms": 3.042, "apply_grad_throughput": 3286.789, "synch_weights_time_ms": 1.974, "num_env_steps_sampled": 14710, "num_env_steps_trained": 14710, "num_agent_steps_sampled": 14710, "num_agent_steps_trained": 14710, "_timestamp": 1668519408.1661716, "_runtime": 99.1011815071106, "_step": 18, "allreduce_latency": 0.0, "grad_gnorm": 1.2717955112457275, "cur_lr": 0.001, "entropy_coeff": 0.01, "policy_entropy": 8.419438362121582, "policy_loss": 0.3234506845474243, "vf_loss": 0.030849598348140717, "total_loss": 0.2546810805797577, "_wandb": {"runtime": 102}}