{"allreduce_latency": 0.0, "grad_gnorm": 13.935243606567383, "cur_lr": 0.001, "entropy_coeff": 0.01, "policy_entropy": 12.263758659362793, "policy_loss": -6.428121089935303, "vf_loss": 1.7855565547943115, "total_loss": -5.657980442047119, "pole_angles": 0.0, "episode_reward": -0.23103448275862057, "episode_lengths": 13.310344827586206, "training_iteration_time_ms": 1.113, "grad_wait_time_ms": 0.43, "apply_grad_time_ms": 1.819, "apply_grad_throughput": 5496.402, "synch_weights_time_ms": 1.098, "num_env_steps_sampled": 400, "num_env_steps_trained": 400, "num_agent_steps_sampled": 400, "num_agent_steps_trained": 400, "_timestamp": 1668606373.656352, "_runtime": 64.0720419883728, "_step": 1}