{"pole_angles": 0.08565475791692734, "episode_reward": 30.31, "episode_lengths": 30.31, "training_iteration_time_ms": 1.357, "grad_wait_time_ms": 1.357, "apply_grad_time_ms": 1.562, "apply_grad_throughput": 6400.879, "synch_weights_time_ms": 3.129, "num_env_steps_sampled": 8890, "num_env_steps_trained": 8890, "num_agent_steps_sampled": 8890, "num_agent_steps_trained": 8890, "_timestamp": 1666261262.4393172, "_runtime": 27.129229307174683, "_step": 4, "allreduce_latency": 0.0, "grad_gnorm": 30.0, "cur_lr": 0.001, "entropy_coeff": 0.01, "policy_entropy": 6.80665397644043, "policy_loss": 29.92902183532715, "vf_loss": 121.73776245117188, "total_loss": 90.7298355102539}