{"allreduce_latency": 0.0, "grad_gnorm": 18.300416946411133, "cur_lr": 0.001, "entropy_coeff": 0.01, "policy_entropy": 15.069371223449707, "policy_loss": -7.80129861831665, "vf_loss": 1.0410281419754028, "total_loss": -7.431478500366211, "pole_angles": 0.0, "episode_reward": -1.1499999999999992, "episode_lengths": 22.39, "training_iteration_time_ms": 0.0, "grad_wait_time_ms": 0.0, "apply_grad_time_ms": 3.725, "apply_grad_throughput": 2684.595, "synch_weights_time_ms": 0.602, "num_env_steps_sampled": 80000, "num_env_steps_trained": 80000, "num_agent_steps_sampled": 80000, "num_agent_steps_trained": 80000, "_timestamp": 1669295387.8162556, "_runtime": 9638.33199262619, "_step": 399, "_wandb": {"runtime": 9638}}