{"allreduce_latency": 0.0, "grad_gnorm": 30.0, "cur_lr": 0.001, "entropy_coeff": 0.01, "policy_entropy": 12.34968376159668, "policy_loss": 21.16754150390625, "vf_loss": 86.83155059814453, "total_loss": 64.4598159790039, "pole_angles": 0.0, "episode_reward": -4.406999999999997, "episode_lengths": 54.19, "training_iteration_time_ms": 1.555, "grad_wait_time_ms": 1.555, "apply_grad_time_ms": 1.863, "apply_grad_throughput": 5368.022, "synch_weights_time_ms": 0.487, "num_env_steps_sampled": 44000, "num_env_steps_trained": 44000, "num_agent_steps_sampled": 44000, "num_agent_steps_trained": 44000, "_timestamp": 1669292123.7572284, "_runtime": 6374.272965431213, "_step": 219}