{"allreduce_latency": 0.0, "grad_gnorm": 9.444369316101074, "cur_lr": 0.001, "entropy_coeff": 0.01, "policy_entropy": 7.095712661743164, "policy_loss": 0.7994003891944885, "vf_loss": 0.10476969927549362, "total_loss": 0.7808281183242798, "pole_angles": 0.0, "episode_reward": 0.6779999999999999, "episode_lengths": 4.22, "training_iteration_time_ms": 0.9, "grad_wait_time_ms": 0.4, "apply_grad_time_ms": 1.945, "apply_grad_throughput": 5142.347, "synch_weights_time_ms": 2.295, "num_env_steps_sampled": 2200, "num_env_steps_trained": 2200, "num_agent_steps_sampled": 2200, "num_agent_steps_trained": 2200, "_timestamp": 1669118349.7805266, "_runtime": 343.076988697052, "_step": 10}