{"allreduce_latency": 0.0, "grad_gnorm": 9.220114707946777, "cur_lr": 0.001, "entropy_coeff": 0.01, "policy_entropy": 11.199554443359375, "policy_loss": 1.944767951965332, "vf_loss": 1.9829589128494263, "total_loss": 2.824251890182495, "pole_angles": 0.0, "episode_reward": 0.595967741935484, "episode_lengths": 5.040322580645161, "training_iteration_time_ms": 0.88, "grad_wait_time_ms": 0.88, "apply_grad_time_ms": 2.679, "apply_grad_throughput": 3732.517, "synch_weights_time_ms": 1.988, "num_env_steps_sampled": 2630, "num_env_steps_trained": 2630, "num_agent_steps_sampled": 2630, "num_agent_steps_trained": 2630, "_timestamp": 1666863751.0948927, "_runtime": 11.89250373840332, "_step": 1}