{"pole_angles": 0.0, "episode_reward": 0.6172638436482085, "episode_lengths": 4.827361563517916, "training_iteration_time_ms": 1.562, "grad_wait_time_ms": 1.562, "apply_grad_time_ms": 3.288, "apply_grad_throughput": 3041.775, "synch_weights_time_ms": 3.138, "num_env_steps_sampled": 2970, "num_env_steps_trained": 2970, "num_agent_steps_sampled": 2970, "num_agent_steps_trained": 2970, "_timestamp": 1666877171.8316398, "_runtime": 11.465712785720825, "_step": 1}