{"loss": 3.0, "_timestamp": 1664453211.7750773, "_runtime": 1.091170310974121, "_step": 9}