{"allreduce_latency": 0.0, "grad_gnorm": 3.7218987941741943, "cur_lr": 0.001, "entropy_coeff": 0.01, "policy_entropy": 10.436452865600586, "policy_loss": -1.2202144861221313, "vf_loss": 1.512526035308838, "total_loss": -0.5683159828186035, "pole_angles": 0.0, "episode_reward": 0.6189300411522634, "episode_lengths": 4.810699588477366, "training_iteration_time_ms": 0.77, "grad_wait_time_ms": 0.77, "apply_grad_time_ms": 3.578, "apply_grad_throughput": 2794.638, "synch_weights_time_ms": 2.339, "num_env_steps_sampled": 2580, "num_env_steps_trained": 2580, "num_agent_steps_sampled": 2580, "num_agent_steps_trained": 2580, "_timestamp": 1667298225.3517375, "_runtime": 53.3784065246582, "_step": 2, "image of v": {"_type": "image-file", "sha256": "6bf54dd805dbe2f1b27769861f31a3daaa3b2395b4232bbb6aaf86af43cd0aea", "size": 86, "path": "media/images/image of v_2_6bf54dd805dbe2f1b277.png", "format": "png", "width": 4, "height": 4, "caption": "Top: Output, Bottom: Input"}, "_wandb": {"runtime": 53}}