{"allreduce_latency": 0.0, "grad_gnorm": 4.232762336730957, "cur_lr": 0.001, "entropy_coeff": 0.01, "policy_entropy": 8.11002254486084, "policy_loss": 1.2295165061950684, "vf_loss": 0.18537776172161102, "total_loss": 1.2411051988601685, "pole_angles": 0.0, "episode_reward": 0.6547794117647059, "episode_lengths": 4.452205882352941, "training_iteration_time_ms": 0.147, "grad_wait_time_ms": 0.098, "apply_grad_time_ms": 2.163, "apply_grad_throughput": 4622.383, "synch_weights_time_ms": 0.557, "num_env_steps_sampled": 6640, "num_env_steps_trained": 6640, "num_agent_steps_sampled": 6640, "num_agent_steps_trained": 6640, "_timestamp": 1666000462.8591166, "_runtime": 27.019179582595825, "_step": 4}