{"allreduce_latency": 0.0, "grad_gnorm": 1.3620253801345825, "cur_lr": 0.001, "entropy_coeff": 0.01, "policy_entropy": 7.085949420928955, "policy_loss": 0.3356521427631378, "vf_loss": 0.04070631414651871, "total_loss": 0.2851458191871643, "pole_angles": 0.0, "episode_reward": 0.7711409395973153, "episode_lengths": 3.2885906040268456, "training_iteration_time_ms": 3.933, "grad_wait_time_ms": 2.056, "apply_grad_time_ms": 3.118, "apply_grad_throughput": 3207.071, "synch_weights_time_ms": 1.957, "num_env_steps_sampled": 13830, "num_env_steps_trained": 13830, "num_agent_steps_sampled": 13830, "num_agent_steps_trained": 13830, "_timestamp": 1664886360.8046694, "_runtime": 168.49385046958923, "_step": 29}