{"episode_reward": 43.68, "episode_lengths": 43.68, "training_iteration_time_ms": 1.708, "grad_wait_time_ms": 1.022, "apply_grad_time_ms": 3.507, "apply_grad_throughput": 2851.677, "synch_weights_time_ms": 2.512, "num_env_steps_sampled": 10580, "num_env_steps_trained": 10580, "num_agent_steps_sampled": 10580, "num_agent_steps_trained": 10580, "_timestamp": 1664536467.3483386, "_runtime": 46.2841374874115, "_step": 9, "allreduce_latency": 0.0, "grad_gnorm": 30.0, "cur_lr": 0.001, "entropy_coeff": 0.01, "policy_entropy": 6.480243682861328, "policy_loss": 30.0129451751709, "vf_loss": 120.46967315673828, "total_loss": 90.18297576904297, "_wandb": {"runtime": 70}}