{"allreduce_latency": 0.0, "grad_gnorm": 6.396474838256836, "cur_lr": 0.001, "entropy_coeff": 0.01, "policy_entropy": 16.088653564453125, "policy_loss": -8.721790313720703, "vf_loss": 1.802789330482483, "total_loss": -7.9812822341918945, "pole_angles": 0.0, "episode_reward": -2.1399999999999975, "episode_lengths": 32.4, "training_iteration_time_ms": 1.48, "grad_wait_time_ms": 0.711, "apply_grad_time_ms": 5.421, "apply_grad_throughput": 1844.818, "synch_weights_time_ms": 1.485, "num_env_steps_sampled": 200, "num_env_steps_trained": 200, "num_agent_steps_sampled": 200, "num_agent_steps_trained": 200, "_timestamp": 1669385291.4866705, "_runtime": 33.564544439315796, "_step": 0, "_wandb": {"runtime": 39}}