{"allreduce_latency": 0.0, "grad_gnorm": 10.289227485656738, "cur_lr": 0.001, "entropy_coeff": 0.01, "policy_entropy": 9.806660652160645, "policy_loss": 1.956525444984436, "vf_loss": 0.4620799720287323, "total_loss": 2.08949875831604, "pole_angles": 0.0, "episode_reward": -0.05652173913043462, "episode_lengths": 11.565217391304348, "training_iteration_time_ms": 0.5, "grad_wait_time_ms": 0.3, "apply_grad_time_ms": 0.654, "apply_grad_throughput": 15290.379, "synch_weights_time_ms": 0.8, "num_env_steps_sampled": 800, "num_env_steps_trained": 800, "num_agent_steps_sampled": 800, "num_agent_steps_trained": 800, "_timestamp": 1669035041.6181343, "_runtime": 215.37524318695068, "_step": 3}