{"allreduce_latency": 0.0, "grad_gnorm": 3.9575822353363037, "cur_lr": 0.001, "entropy_coeff": 0.01, "policy_entropy": 8.164131164550781, "policy_loss": 0.06530406326055527, "vf_loss": 0.24040991067886353, "total_loss": 0.10386771708726883, "pole_angles": 0.0, "episode_reward": 0.6549999999999998, "episode_lengths": 4.45, "training_iteration_time_ms": 0.0, "grad_wait_time_ms": 0.0, "apply_grad_time_ms": 0.498, "apply_grad_throughput": 20081.892, "synch_weights_time_ms": 0.401, "num_env_steps_sampled": 4000, "num_env_steps_trained": 4000, "num_agent_steps_sampled": 4000, "num_agent_steps_trained": 4000, "_timestamp": 1668608044.519702, "_runtime": 767.416965007782, "_step": 19, "_wandb": {"runtime": 767}}