{"pole_angles": 0.0, "episode_reward": 0.5368686868686868, "episode_lengths": 5.6313131313131315, "training_iteration_time_ms": 1.919, "grad_wait_time_ms": 0.813, "apply_grad_time_ms": 2.19, "apply_grad_throughput": 4565.577, "synch_weights_time_ms": 2.448, "num_env_steps_sampled": 2570, "num_env_steps_trained": 2570, "num_agent_steps_sampled": 2570, "num_agent_steps_trained": 2570, "_timestamp": 1667212522.8571124, "_runtime": 27.849671363830566, "_step": 2, "allreduce_latency": 0.0, "grad_gnorm": 5.134235858917236, "cur_lr": 0.001, "entropy_coeff": 0.01, "policy_entropy": 9.354665756225586, "policy_loss": 0.9420653581619263, "vf_loss": 0.430381178855896, "total_loss": 1.0637092590332031, "image of v": {"_type": "image-file", "sha256": "6bf54dd805dbe2f1b27769861f31a3daaa3b2395b4232bbb6aaf86af43cd0aea", "size": 86, "path": "media/images/image of v_2_6bf54dd805dbe2f1b277.png", "format": "png", "width": 4, "height": 4, "caption": "Top: Output, Bottom: Input"}, "_wandb": {"runtime": 27}}