{"loss": 9, "_timestamp": 1664446798.0726283, "_runtime": 1.164555311203003, "_step": 9}