{"loss": 3.0, "_timestamp": 1664448935.5755653, "_runtime": 0.9179003238677979, "_step": 9, "_wandb": {"runtime": 11}}