{"allreduce_latency": 0.0, "grad_gnorm": 17.42824363708496, "cur_lr": 0.001, "entropy_coeff": 0.01, "policy_entropy": 15.939299583435059, "policy_loss": -6.738859176635742, "vf_loss": 0.843195915222168, "total_loss": -6.476654052734375, "pole_angles": 0.0, "episode_reward": -2.3363636363636333, "episode_lengths": 34.36363636363637, "training_iteration_time_ms": 0.8, "grad_wait_time_ms": 0.0, "apply_grad_time_ms": 3.339, "apply_grad_throughput": 2994.627, "synch_weights_time_ms": 0.05, "num_env_steps_sampled": 800, "num_env_steps_trained": 800, "num_agent_steps_sampled": 800, "num_agent_steps_trained": 800, "_timestamp": 1669304001.8798673, "_runtime": 299.0838882923126, "_step": 3}