{"allreduce_latency": 0.0, "grad_gnorm": 6.648431777954102, "cur_lr": 0.001, "entropy_coeff": 0.01, "policy_entropy": 7.9743852615356445, "policy_loss": 0.5768377780914307, "vf_loss": 0.1009906679391861, "total_loss": 0.5475892424583435, "pole_angles": 0.0, "episode_reward": 0.643, "episode_lengths": 4.57, "training_iteration_time_ms": 0.838, "grad_wait_time_ms": 0.838, "apply_grad_time_ms": 1.818, "apply_grad_throughput": 5499.14, "synch_weights_time_ms": 1.392, "num_env_steps_sampled": 2200, "num_env_steps_trained": 2200, "num_agent_steps_sampled": 2200, "num_agent_steps_trained": 2200, "_timestamp": 1669213228.9201825, "_runtime": 345.9933695793152, "_step": 10}