{"loss": 3.0, "_timestamp": 1664450454.9559407, "_runtime": 1.1317706108093262, "_step": 9}