{"allreduce_latency": 0.0, "grad_gnorm": 1.5710482597351074, "cur_lr": 0.001, "entropy_coeff": 0.01, "policy_entropy": 6.650961875915527, "policy_loss": -0.40905892848968506, "vf_loss": 0.04249155521392822, "total_loss": -0.4543227553367615, "pole_angles": 0.0, "episode_reward": 0.779, "episode_lengths": 3.21, "training_iteration_time_ms": 2.21, "grad_wait_time_ms": 2.038, "apply_grad_time_ms": 13.971, "apply_grad_throughput": 715.793, "synch_weights_time_ms": 6.101, "num_env_steps_sampled": 15160, "num_env_steps_trained": 15160, "num_agent_steps_sampled": 15160, "num_agent_steps_trained": 15160, "_timestamp": 1664884247.0550313, "_runtime": 179.5801863670349, "_step": 29}