{"allreduce_latency": 0.0, "grad_gnorm": 11.321259498596191, "cur_lr": 0.001, "entropy_coeff": 0.01, "policy_entropy": 8.233932495117188, "policy_loss": -1.541504144668579, "vf_loss": 0.8612136840820312, "total_loss": -1.1932365894317627, "pole_angles": 0.0, "episode_reward": 0.627188940092166, "episode_lengths": 4.728110599078341, "training_iteration_time_ms": 0.602, "grad_wait_time_ms": 0.0, "apply_grad_time_ms": 0.755, "apply_grad_throughput": 13237.089, "synch_weights_time_ms": 1.611, "num_env_steps_sampled": 5830, "num_env_steps_trained": 5830, "num_agent_steps_sampled": 5830, "num_agent_steps_trained": 5830, "_timestamp": 1666947858.0842123, "_runtime": 11.585700273513794, "_step": 2, "image of v": {"_type": "image-file", "sha256": "6bf54dd805dbe2f1b27769861f31a3daaa3b2395b4232bbb6aaf86af43cd0aea", "size": 86, "path": "media/images/image of v_2_6bf54dd805dbe2f1b277.png", "format": "png", "width": 4, "height": 4, "caption": "Top: Output, Bottom: Input"}, "_wandb": {"runtime": 11}}