{"allreduce_latency": 0.0, "grad_gnorm": 18.456851959228516, "cur_lr": 0.001, "entropy_coeff": 0.01, "policy_entropy": 14.598221778869629, "policy_loss": 7.281229496002197, "vf_loss": 1.619335651397705, "total_loss": 7.944915294647217, "pole_angles": 0.0, "episode_reward": -20.000000000000014, "episode_lengths": 200.0, "training_iteration_time_ms": 3.673, "grad_wait_time_ms": 1.648, "apply_grad_time_ms": 4.396, "apply_grad_throughput": 2274.593, "synch_weights_time_ms": 6.226, "num_env_steps_sampled": 400, "num_env_steps_trained": 400, "num_agent_steps_sampled": 400, "num_agent_steps_trained": 400, "_timestamp": 1668606622.2023835, "_runtime": 72.90407943725586, "_step": 1}