{"pole_angles": 0.0798666924238205, "episode_reward": 23.68421052631579, "episode_lengths": 23.68421052631579, "training_iteration_time_ms": 0.101, "grad_wait_time_ms": 0.101, "apply_grad_time_ms": 0.99, "apply_grad_throughput": 10102.862, "synch_weights_time_ms": 0.698, "num_env_steps_sampled": 3160, "num_env_steps_trained": 3160, "num_agent_steps_sampled": 3160, "num_agent_steps_trained": 3160, "_timestamp": 1666276622.0389304, "_runtime": 5.837199449539185, "_step": 0}