{"pole_angles": 0.0, "episode_reward": 0.7324900133155791, "episode_lengths": 3.675099866844208, "training_iteration_time_ms": 0.6, "grad_wait_time_ms": 0.3, "apply_grad_time_ms": 0.938, "apply_grad_throughput": 10657.885, "synch_weights_time_ms": 0.714, "num_env_steps_sampled": 14800, "num_env_steps_trained": 14800, "num_agent_steps_sampled": 14800, "num_agent_steps_trained": 14800, "_timestamp": 1665741304.72371, "_runtime": 43.51494598388672, "_step": 4, "allreduce_latency": 0.0, "grad_gnorm": 4.592258453369141, "cur_lr": 0.001, "entropy_coeff": 0.01, "policy_entropy": 8.077457427978516, "policy_loss": -0.432146281003952, "vf_loss": 0.2682139277458191, "total_loss": -0.37881389260292053, "_wandb": {"runtime": 78}}