{"allreduce_latency": 0.0, "grad_gnorm": 4.0333428382873535, "cur_lr": 0.001, "entropy_coeff": 0.01, "policy_entropy": 7.663652420043945, "policy_loss": -0.47656574845314026, "vf_loss": 0.09910426288843155, "total_loss": -0.5036501288414001, "pole_angles": 0.0, "episode_reward": 0.6519999999999999, "episode_lengths": 4.48, "training_iteration_time_ms": 0.655, "grad_wait_time_ms": 0.0, "apply_grad_time_ms": 1.395, "apply_grad_throughput": 7169.383, "synch_weights_time_ms": 0.908, "num_env_steps_sampled": 1600, "num_env_steps_trained": 1600, "num_agent_steps_sampled": 1600, "num_agent_steps_trained": 1600, "_timestamp": 1669112851.065417, "_runtime": 274.14519810676575, "_step": 7}