{"allreduce_latency": 0.0, "grad_gnorm": 11.699979782104492, "cur_lr": 0.001, "entropy_coeff": 0.01, "policy_entropy": 16.028099060058594, "policy_loss": -8.239537239074707, "vf_loss": 1.7044612169265747, "total_loss": -7.547587871551514, "pole_angles": 0.0, "episode_reward": -1.0555555555555538, "episode_lengths": 21.555555555555557, "training_iteration_time_ms": 0.0, "grad_wait_time_ms": 0.0, "apply_grad_time_ms": 0.208, "apply_grad_throughput": 48116.37, "synch_weights_time_ms": 2.565, "num_env_steps_sampled": 400, "num_env_steps_trained": 400, "num_agent_steps_sampled": 400, "num_agent_steps_trained": 400, "_timestamp": 1669285574.7230065, "_runtime": 85.11816740036011, "_step": 1, "_wandb": {"runtime": 84}}