{"pole_angles": 0.03901263326406479, "episode_reward": 468.98, "episode_lengths": 468.98, "training_iteration_time_ms": 0.1, "grad_wait_time_ms": 0.1, "apply_grad_time_ms": 0.905, "apply_grad_throughput": 11048.4, "synch_weights_time_ms": 0.598, "num_env_steps_sampled": 635670, "num_env_steps_trained": 635670, "num_agent_steps_sampled": 635670, "num_agent_steps_trained": 635670, "_timestamp": 1666270815.6942961, "_runtime": 1436.906042098999, "_step": 207, "allreduce_latency": 0.0, "grad_gnorm": 2.790778398513794, "cur_lr": 0.001, "entropy_coeff": 0.01, "policy_entropy": 5.010737895965576, "policy_loss": -0.3845747709274292, "vf_loss": 0.0058538904413580894, "total_loss": -0.4317552149295807}