{"allreduce_latency": 0.0, "grad_gnorm": 20.514511108398438, "cur_lr": 0.001, "entropy_coeff": 0.01, "policy_entropy": 10.1159029006958, "policy_loss": -3.788825511932373, "vf_loss": 1.3818588256835938, "total_loss": -3.1990551948547363, "pole_angles": 0.0, "episode_reward": -7.862499999999995, "episode_lengths": 86.875, "training_iteration_time_ms": 1.184, "grad_wait_time_ms": 0.348, "apply_grad_time_ms": 4.232, "apply_grad_throughput": 2363.001, "synch_weights_time_ms": 0.787, "num_env_steps_sampled": 800, "num_env_steps_trained": 800, "num_agent_steps_sampled": 800, "num_agent_steps_trained": 800, "_timestamp": 1668689823.2132266, "_runtime": 97.09026265144348, "_step": 3}