{"pole_angles": 0.0, "episode_reward": -18.20000000000001, "episode_lengths": 183.0, "training_iteration_time_ms": 1.168, "grad_wait_time_ms": 1.168, "apply_grad_time_ms": 4.636, "apply_grad_throughput": 2156.865, "synch_weights_time_ms": 2.377, "num_env_steps_sampled": 2010, "num_env_steps_trained": 2010, "num_agent_steps_sampled": 2010, "num_agent_steps_trained": 2010, "_timestamp": 1668519767.3559704, "_runtime": 111.82605338096619, "_step": 19, "allreduce_latency": 0.0, "grad_gnorm": 14.023385047912598, "cur_lr": 0.001, "entropy_coeff": 0.01, "policy_entropy": 13.925704002380371, "policy_loss": -4.240299701690674, "vf_loss": 0.5895017385482788, "total_loss": -4.084805965423584, "_wandb": {"runtime": 111}}