{"allreduce_latency": 0.0, "grad_gnorm": 12.291399955749512, "cur_lr": 0.001, "entropy_coeff": 0.01, "policy_entropy": 11.579880714416504, "policy_loss": -2.490325450897217, "vf_loss": 1.1779141426086426, "total_loss": -2.017167091369629, "pole_angles": 0.0, "episode_reward": -11.725000000000007, "episode_lengths": 122.75, "training_iteration_time_ms": 0.636, "grad_wait_time_ms": 0.636, "apply_grad_time_ms": 3.123, "apply_grad_throughput": 3201.612, "synch_weights_time_ms": 1.12, "num_env_steps_sampled": 600, "num_env_steps_trained": 600, "num_agent_steps_sampled": 600, "num_agent_steps_trained": 600, "_timestamp": 1668688131.4086761, "_runtime": 102.67805624008179, "_step": 2}