{"pole_angles": 0.07929043471813202, "episode_reward": 31.884615384615383, "episode_lengths": 31.884615384615383, "training_iteration_time_ms": 5.951, "grad_wait_time_ms": 3.35, "apply_grad_time_ms": 4.701, "apply_grad_throughput": 2127.145, "synch_weights_time_ms": 3.046, "num_env_steps_sampled": 2500, "num_env_steps_trained": 2500, "num_agent_steps_sampled": 2500, "num_agent_steps_trained": 2500, "_timestamp": 1664539855.9188864, "_runtime": 179.11629939079285, "_step": 2}