{"examples": 2, "_timestamp": 1666875101.1670964, "_runtime": 0.8970322608947754, "_step": 0}