{"episode_reward": -15.62500000000001, "episode_lengths": 159.0, "training_iteration_time_ms": 1.565, "grad_wait_time_ms": 1.565, "apply_grad_time_ms": 4.396, "apply_grad_throughput": 2274.815, "synch_weights_time_ms": 2.615, "num_env_steps_sampled": 650, "num_env_steps_trained": 650, "num_agent_steps_sampled": 650, "num_agent_steps_trained": 650, "_timestamp": 1668521347.216174, "_runtime": 118.32064080238342, "_step": 19, "pole_angles": 0.0, "allreduce_latency": 0.0, "grad_gnorm": 19.219942092895508, "cur_lr": 0.001, "entropy_coeff": 0.01, "policy_entropy": 14.589435577392578, "policy_loss": -7.1119704246521, "vf_loss": 1.439841628074646, "total_loss": -6.537944316864014, "_wandb": {"runtime": 118}}