{"pole_angles": 0.0, "episode_reward": -3.03698630136986, "episode_lengths": 41.06849315068493, "training_iteration_time_ms": 0.786, "grad_wait_time_ms": 0.706, "apply_grad_time_ms": 1.98, "apply_grad_throughput": 5050.458, "synch_weights_time_ms": 2.875, "num_env_steps_sampled": 2990, "num_env_steps_trained": 2990, "num_agent_steps_sampled": 2990, "num_agent_steps_trained": 2990, "_timestamp": 1668519036.9480932, "_runtime": 75.81117820739746, "_step": 13, "allreduce_latency": 0.0, "grad_gnorm": 10.764554977416992, "cur_lr": 0.001, "entropy_coeff": 0.01, "policy_entropy": 15.475980758666992, "policy_loss": -7.24663782119751, "vf_loss": 1.5070255994796753, "total_loss": -6.647884845733643, "_wandb": {"runtime": 77}}