{"allreduce_latency": 0.0, "grad_gnorm": 26.04034423828125, "cur_lr": 0.001, "entropy_coeff": 0.01, "policy_entropy": 14.908447265625, "policy_loss": 16.542741775512695, "vf_loss": 7.8786773681640625, "total_loss": 20.332996368408203, "pole_angles": 0.0, "episode_reward": 0.5127167630057804, "episode_lengths": 5.872832369942197, "training_iteration_time_ms": 0.539, "grad_wait_time_ms": 0.539, "apply_grad_time_ms": 10.622, "apply_grad_throughput": 941.444, "synch_weights_time_ms": 4.467, "num_env_steps_sampled": 4120, "num_env_steps_trained": 4120, "num_agent_steps_sampled": 4120, "num_agent_steps_trained": 4120, "_timestamp": 1668519140.2882612, "_runtime": 22.79281520843506, "_step": 3}