{"pole_angles": 0.09057191014289856, "episode_reward": 30.42622950819672, "episode_lengths": 30.42622950819672, "training_iteration_time_ms": 2.013, "grad_wait_time_ms": 1.613, "apply_grad_time_ms": 0.108, "apply_grad_throughput": 92671.321, "synch_weights_time_ms": 0.1, "num_env_steps_sampled": 16860, "num_env_steps_trained": 16860, "num_agent_steps_sampled": 16860, "num_agent_steps_trained": 16860, "_timestamp": 1666100835.2239594, "_runtime": 26.724942445755005, "_step": 4, "allreduce_latency": 0.0, "grad_gnorm": 30.0, "cur_lr": 0.001, "entropy_coeff": 0.01, "policy_entropy": 6.7775959968566895, "policy_loss": -21.58082389831543, "vf_loss": 717.7053833007812, "total_loss": 337.2041015625, "_wandb": {"runtime": 545}}