{"allreduce_latency": 0.0, "grad_gnorm": 12.376967430114746, "cur_lr": 0.001, "entropy_coeff": 0.01, "policy_entropy": 16.08759117126465, "policy_loss": -8.350150108337402, "vf_loss": 1.7765341997146606, "total_loss": -7.622758865356445, "pole_angles": 0.0, "episode_reward": -2.6599999999999993, "episode_lengths": 37.6, "training_iteration_time_ms": 0.924, "grad_wait_time_ms": 0.0, "apply_grad_time_ms": 0.228, "apply_grad_throughput": 43786.45, "synch_weights_time_ms": 2.59, "num_env_steps_sampled": 200, "num_env_steps_trained": 200, "num_agent_steps_sampled": 200, "num_agent_steps_trained": 200, "_timestamp": 1669206717.4731615, "_runtime": 980.2970774173737, "_step": 0}