{"loss": 3.0, "_timestamp": 1664459291.1160018, "_runtime": 1.1870977878570557, "_step": 9}