{"episode_reward": [13.0, 23.0, 16.0, 13.0, 26.0, 51.0, 25.0, 20.0, 79.0, 33.0, 17.0, 20.0, 35.0, 28.0, 40.0, 20.0, 23.0, 32.0, 36.0, 36.0, 22.0, 38.0, 33.0, 52.0, 42.0, 41.0, 56.0, 68.0, 23.0, 58.0, 16.0, 20.0, 99.0, 15.0, 21.0, 73.0, 46.0, 34.0, 15.0, 30.0, 31.0, 21.0, 62.0, 26.0, 44.0, 33.0, 50.0, 22.0, 16.0, 12.0, 17.0, 10.0, 19.0, 15.0, 23.0, 27.0, 22.0, 21.0, 41.0, 21.0, 28.0, 16.0, 10.0, 18.0, 22.0, 15.0, 14.0, 17.0, 11.0, 14.0, 19.0, 9.0, 23.0, 16.0, 15.0, 16.0, 27.0, 12.0, 12.0, 16.0, 9.0, 14.0, 19.0, 26.0, 27.0, 14.0, 16.0, 11.0, 20.0, 23.0, 13.0, 16.0, 18.0, 11.0, 22.0, 14.0, 12.0, 26.0, 13.0, 21.0], "episode_lengths": [13, 23, 16, 13, 26, 51, 25, 20, 79, 33, 17, 20, 35, 28, 40, 20, 23, 32, 36, 36, 22, 38, 33, 52, 42, 41, 56, 68, 23, 58, 16, 20, 99, 15, 21, 73, 46, 34, 15, 30, 31, 21, 62, 26, 44, 33, 50, 22, 16, 12, 17, 10, 19, 15, 23, 27, 22, 21, 41, 21, 28, 16, 10, 18, 22, 15, 14, 17, 11, 14, 19, 9, 23, 16, 15, 16, 27, 12, 12, 16, 9, 14, 19, 26, 27, 14, 16, 11, 20, 23, 13, 16, 18, 11, 22, 14, 12, 26, 13, 21], "training_iteration_time_ms": 0.322, "grad_wait_time_ms": 0.288, "apply_grad_time_ms": 2.229, "apply_grad_throughput": 4485.407, "synch_weights_time_ms": 1.613, "num_env_steps_sampled": 2600, "num_env_steps_trained": 2600, "num_agent_steps_sampled": 2600, "num_agent_steps_trained": 2600, "_timestamp": 1664531312.8319407, "_runtime": 5.99741268157959, "_step": 1, "_wandb": {"runtime": 17}}