{"allreduce_latency": 0.0, "grad_gnorm": 9.37802791595459, "cur_lr": 0.001, "entropy_coeff": 0.01, "policy_entropy": 11.408981323242188, "policy_loss": 3.6758553981781006, "vf_loss": 1.9147621393203735, "total_loss": 4.51914644241333, "pole_angles": 0.0, "episode_reward": 0.615625, "episode_lengths": 4.84375, "training_iteration_time_ms": 1.005, "grad_wait_time_ms": 1.005, "apply_grad_time_ms": 1.881, "apply_grad_throughput": 5316.851, "synch_weights_time_ms": 1.527, "num_env_steps_sampled": 2610, "num_env_steps_trained": 2610, "num_agent_steps_sampled": 2610, "num_agent_steps_trained": 2610, "_timestamp": 1666611284.5037386, "_runtime": 11.368216753005981, "_step": 1}