{"loss": 3.0, "_timestamp": 1664451398.7688308, "_runtime": 1.7494447231292725, "_step": 9}