{"allreduce_latency": 0.0, "grad_gnorm": 17.252321243286133, "cur_lr": 0.001, "entropy_coeff": 0.01, "policy_entropy": 15.31540584564209, "policy_loss": -8.442294120788574, "vf_loss": 1.6907533407211304, "total_loss": -7.7500715255737305, "pole_angles": 0.0, "episode_reward": -1.3933333333333324, "episode_lengths": 24.933333333333334, "training_iteration_time_ms": 0.83, "grad_wait_time_ms": 0.0, "apply_grad_time_ms": 5.9, "apply_grad_throughput": 1694.874, "synch_weights_time_ms": 5.918, "num_env_steps_sampled": 400, "num_env_steps_trained": 400, "num_agent_steps_sampled": 400, "num_agent_steps_trained": 400, "_timestamp": 1669214274.2766466, "_runtime": 39.19370770454407, "_step": 1, "_wandb": {"runtime": 39}}