{"allreduce_latency": 0.0, "grad_gnorm": 3.4395241737365723, "cur_lr": 0.001, "entropy_coeff": 0.01, "policy_entropy": 8.177225112915039, "policy_loss": 0.9866176247596741, "vf_loss": 0.15714074671268463, "total_loss": 0.9834157824516296, "pole_angles": 0.0, "episode_reward": 0.6604904632152588, "episode_lengths": 4.395095367847412, "training_iteration_time_ms": 1.019, "grad_wait_time_ms": 0.0, "apply_grad_time_ms": 0.7, "apply_grad_throughput": 14293.566, "synch_weights_time_ms": 0.458, "num_env_steps_sampled": 6770, "num_env_steps_trained": 6770, "num_agent_steps_sampled": 6770, "num_agent_steps_trained": 6770, "_timestamp": 1666345798.270789, "_runtime": 21.55926489830017, "_step": 3}