{"allreduce_latency": 0.0, "grad_gnorm": 30.0, "cur_lr": 0.001, "entropy_coeff": 0.01, "policy_entropy": 6.918009281158447, "policy_loss": 36.1243896484375, "vf_loss": 165.21847534179688, "total_loss": 118.66444396972656, "pole_angles": 0.09003119170665741, "episode_reward": 30.237704918032787, "episode_lengths": 30.237704918032787, "training_iteration_time_ms": 0.1, "grad_wait_time_ms": 0.1, "apply_grad_time_ms": 0.753, "apply_grad_throughput": 13273.114, "synch_weights_time_ms": 0.702, "num_env_steps_sampled": 17050, "num_env_steps_trained": 17050, "num_agent_steps_sampled": 17050, "num_agent_steps_trained": 17050, "_timestamp": 1666180084.8376079, "_runtime": 26.544224977493286, "_step": 4}