{"allreduce_latency": 0.0, "grad_gnorm": 6.211036682128906, "cur_lr": 0.001, "entropy_coeff": 0.01, "policy_entropy": 6.894757270812988, "policy_loss": -0.8655290007591248, "vf_loss": 0.18183428049087524, "total_loss": -0.8435593843460083, "pole_angles": 0.0, "episode_reward": 0.7019999999999998, "episode_lengths": 3.98, "training_iteration_time_ms": 0.8, "grad_wait_time_ms": 0.4, "apply_grad_time_ms": 1.663, "apply_grad_throughput": 6014.978, "synch_weights_time_ms": 1.765, "num_env_steps_sampled": 4000, "num_env_steps_trained": 4000, "num_agent_steps_sampled": 4000, "num_agent_steps_trained": 4000, "_timestamp": 1668600463.3043542, "_runtime": 508.6287202835083, "_step": 19, "_wandb": {"runtime": 508}}