{"pole_angles": 0.0, "episode_reward": 0.7908315565031983, "episode_lengths": 3.091684434968017, "training_iteration_time_ms": 0.119, "grad_wait_time_ms": 0.119, "apply_grad_time_ms": 1.341, "apply_grad_throughput": 7458.264, "synch_weights_time_ms": 0.389, "num_env_steps_sampled": 24370, "num_env_steps_trained": 24370, "num_agent_steps_sampled": 24370, "num_agent_steps_trained": 24370, "_timestamp": 1665577409.7406123, "_runtime": 82.56367516517639, "_step": 15, "allreduce_latency": 0.0, "grad_gnorm": 1.4058985710144043, "cur_lr": 0.001, "entropy_coeff": 0.01, "policy_entropy": 8.410836219787598, "policy_loss": -0.10977591574192047, "vf_loss": 0.2771510183811188, "total_loss": -0.05530876666307449, "_wandb": {"runtime": 85}}