{"allreduce_latency": 0.0, "grad_gnorm": 30.0, "cur_lr": 0.001, "entropy_coeff": 0.01, "policy_entropy": 6.644876003265381, "policy_loss": 33.92726135253906, "vf_loss": 166.75387573242188, "total_loss": 117.23774719238281, "pole_angles": 0.08363799005746841, "episode_reward": 32.4, "episode_lengths": 32.4, "training_iteration_time_ms": 0.0, "grad_wait_time_ms": 0.0, "apply_grad_time_ms": 0.79, "apply_grad_throughput": 12658.61, "synch_weights_time_ms": 3.125, "num_env_steps_sampled": 7970, "num_env_steps_trained": 7970, "num_agent_steps_sampled": 7970, "num_agent_steps_trained": 7970, "_timestamp": 1666098746.5738, "_runtime": 27.86178207397461, "_step": 4}