{"allreduce_latency": 0.0, "grad_gnorm": 1.5162957906723022, "cur_lr": 0.001, "entropy_coeff": 0.01, "policy_entropy": 8.016847610473633, "policy_loss": -0.12633314728736877, "vf_loss": 0.0018561953911557794, "total_loss": -0.20557351410388947, "pole_angles": 0.0, "episode_reward": -9.348717948717951, "episode_lengths": 100.25641025641026, "training_iteration_time_ms": 0.748, "grad_wait_time_ms": 0.239, "apply_grad_time_ms": 1.108, "apply_grad_throughput": 9022.531, "synch_weights_time_ms": 1.262, "num_env_steps_sampled": 4000, "num_env_steps_trained": 4000, "num_agent_steps_sampled": 4000, "num_agent_steps_trained": 4000, "_timestamp": 1669648322.2407496, "_runtime": 303.8202896118164, "_step": 19}