{"allreduce_latency": 0.0, "grad_gnorm": 2.6197760105133057, "cur_lr": 0.001, "entropy_coeff": 0.01, "policy_entropy": 7.331031799316406, "policy_loss": -0.7415894269943237, "vf_loss": 0.07993358373641968, "total_loss": -0.7749329209327698, "pole_angles": 0.0, "episode_reward": 0.672, "episode_lengths": 4.28, "training_iteration_time_ms": 0.526, "grad_wait_time_ms": 0.202, "apply_grad_time_ms": 1.143, "apply_grad_throughput": 8746.515, "synch_weights_time_ms": 1.196, "num_env_steps_sampled": 4000, "num_env_steps_trained": 4000, "num_agent_steps_sampled": 4000, "num_agent_steps_trained": 4000, "_timestamp": 1668602683.6339028, "_runtime": 679.3711597919464, "_step": 19, "_wandb": {"runtime": 679}}