{"pole_angles": 0.0841578021645546, "episode_reward": 22.15, "episode_lengths": 22.15, "training_iteration_time_ms": 1.746, "grad_wait_time_ms": 0.801, "apply_grad_time_ms": 2.877, "apply_grad_throughput": 3475.962, "synch_weights_time_ms": 1.746, "num_env_steps_sampled": 4440, "num_env_steps_trained": 4440, "num_agent_steps_sampled": 4440, "num_agent_steps_trained": 4440, "_timestamp": 1664549936.8532233, "_runtime": 100.26976227760315, "_step": 2, "allreduce_latency": 0.0, "grad_gnorm": 30.0, "cur_lr": 0.001, "entropy_coeff": 0.01, "policy_entropy": 6.928428649902344, "policy_loss": 34.72815704345703, "vf_loss": 151.54197692871094, "total_loss": 110.42986297607422}