{"allreduce_latency": 0.0, "grad_gnorm": 20.60927963256836, "cur_lr": 0.001, "entropy_coeff": 0.01, "policy_entropy": 15.76106071472168, "policy_loss": -7.13797664642334, "vf_loss": 1.3042203187942505, "total_loss": -6.643476963043213, "pole_angles": 0.0, "episode_reward": -4.457142857142859, "episode_lengths": 54.0, "training_iteration_time_ms": 3.404, "grad_wait_time_ms": 1.035, "apply_grad_time_ms": 8.043, "apply_grad_throughput": 1243.357, "synch_weights_time_ms": 5.665, "num_env_steps_sampled": 400, "num_env_steps_trained": 400, "num_agent_steps_sampled": 400, "num_agent_steps_trained": 400, "_timestamp": 1669213695.9514832, "_runtime": 74.4034731388092, "_step": 1}