{"allreduce_latency": 0.0, "grad_gnorm": 25.713930130004883, "cur_lr": 0.001, "entropy_coeff": 0.01, "policy_entropy": 15.370145797729492, "policy_loss": -8.00588321685791, "vf_loss": 1.630382776260376, "total_loss": -7.344393253326416, "pole_angles": 0.0, "episode_reward": -1.3709677419354833, "episode_lengths": 24.70967741935484, "training_iteration_time_ms": 0.799, "grad_wait_time_ms": 0.799, "apply_grad_time_ms": 1.463, "apply_grad_throughput": 6834.453, "synch_weights_time_ms": 2.965, "num_env_steps_sampled": 800, "num_env_steps_trained": 800, "num_agent_steps_sampled": 800, "num_agent_steps_trained": 800, "_timestamp": 1669374187.0598629, "_runtime": 99.42373490333557, "_step": 3}