{"allreduce_latency": 0.0, "grad_gnorm": 2.5642647743225098, "cur_lr": 0.001, "entropy_coeff": 0.01, "policy_entropy": 8.086386680603027, "policy_loss": 0.19829799234867096, "vf_loss": 0.11715348809957504, "total_loss": 0.1760108768939972, "pole_angles": 0.0, "episode_reward": 0.6454166666666666, "episode_lengths": 4.545833333333333, "training_iteration_time_ms": 0.963, "grad_wait_time_ms": 0.369, "apply_grad_time_ms": 2.056, "apply_grad_throughput": 4863.807, "synch_weights_time_ms": 1.632, "num_env_steps_sampled": 5690, "num_env_steps_trained": 5690, "num_agent_steps_sampled": 5690, "num_agent_steps_trained": 5690, "_timestamp": 1665746809.9910865, "_runtime": 32.561291456222534, "_step": 4, "_wandb": {"runtime": 40}}