{"loss": 3.0, "_timestamp": 1664448744.3982964, "_runtime": 1.112821340560913, "_step": 9}