{"allreduce_latency": 0.0, "grad_gnorm": 30.0, "cur_lr": 0.001, "entropy_coeff": 0.01, "policy_entropy": 6.800408363342285, "policy_loss": 35.949012756347656, "vf_loss": 153.30014038085938, "total_loss": 112.53108215332031, "pole_angles": 0.0819643959403038, "episode_reward": 23.460526315789473, "episode_lengths": 23.460526315789473, "training_iteration_time_ms": 0.4, "grad_wait_time_ms": 0.152, "apply_grad_time_ms": 0.847, "apply_grad_throughput": 11808.621, "synch_weights_time_ms": 0.803, "num_env_steps_sampled": 3600, "num_env_steps_trained": 3600, "num_agent_steps_sampled": 3600, "num_agent_steps_trained": 3600, "_timestamp": 1666277314.7255588, "_runtime": 5.835998773574829, "_step": 0, "_wandb": {"runtime": 6}}