{"pole_angles": 0.0, "episode_reward": 0.577, "episode_lengths": 5.23, "training_iteration_time_ms": 1.235, "grad_wait_time_ms": 1.185, "apply_grad_time_ms": 10.473, "apply_grad_throughput": 954.842, "synch_weights_time_ms": 4.769, "num_env_steps_sampled": 5770, "num_env_steps_trained": 5770, "num_agent_steps_sampled": 5770, "num_agent_steps_trained": 5770, "_timestamp": 1668519566.7674532, "_runtime": 66.48651814460754, "_step": 11, "allreduce_latency": 0.0, "grad_gnorm": 2.85813307762146, "cur_lr": 0.001, "entropy_coeff": 0.01, "policy_entropy": 12.092193603515625, "policy_loss": 0.5375734567642212, "vf_loss": 0.9330220222473145, "total_loss": 0.8831625580787659}