{"pole_angles": 0.0, "episode_reward": 0.6911538461538461, "episode_lengths": 4.088461538461538, "training_iteration_time_ms": 0.8, "grad_wait_time_ms": 0.8, "apply_grad_time_ms": 1.057, "apply_grad_throughput": 9463.255, "synch_weights_time_ms": 4.197, "num_env_steps_sampled": 5880, "num_env_steps_trained": 5880, "num_agent_steps_sampled": 5880, "num_agent_steps_trained": 5880, "_timestamp": 1666094801.4046462, "_runtime": 26.924609184265137, "_step": 4, "allreduce_latency": 0.0, "grad_gnorm": 3.7477283477783203, "cur_lr": 0.001, "entropy_coeff": 0.01, "policy_entropy": 8.361323356628418, "policy_loss": -0.655811071395874, "vf_loss": 0.19858896732330322, "total_loss": -0.640129804611206}