{"allreduce_latency": 0.0, "grad_gnorm": 23.656347274780273, "cur_lr": 0.001, "entropy_coeff": 0.01, "policy_entropy": 6.351688385009766, "policy_loss": 0.4232410192489624, "vf_loss": 37.652618408203125, "total_loss": 19.186033248901367, "pole_angles": 0.09024534374475479, "episode_reward": 33.1, "episode_lengths": 33.1, "training_iteration_time_ms": 0.15, "grad_wait_time_ms": 0.15, "apply_grad_time_ms": 0.797, "apply_grad_throughput": 12546.152, "synch_weights_time_ms": 1.046, "num_env_steps_sampled": 17010, "num_env_steps_trained": 17010, "num_agent_steps_sampled": 17010, "num_agent_steps_trained": 17010, "_timestamp": 1666101503.910999, "_runtime": 26.65841817855835, "_step": 4}