{"pole_angles": 0.08998680114746094, "episode_reward": 32.490566037735846, "episode_lengths": 32.490566037735846, "training_iteration_time_ms": 0.19, "grad_wait_time_ms": 0.19, "apply_grad_time_ms": 0.859, "apply_grad_throughput": 11637.591, "synch_weights_time_ms": 0.701, "num_env_steps_sampled": 19100, "num_env_steps_trained": 19100, "num_agent_steps_sampled": 19100, "num_agent_steps_trained": 19100, "_timestamp": 1666269086.360121, "_runtime": 31.849456071853638, "_step": 5}