{"allreduce_latency": 0.0, "grad_gnorm": 1.2646702527999878, "cur_lr": 0.001, "entropy_coeff": 0.01, "policy_entropy": 13.96550178527832, "policy_loss": -0.26992157101631165, "vf_loss": 0.002567924791947007, "total_loss": -0.40829259157180786, "pole_angles": 0.0, "episode_reward": -6.471111111111112, "episode_lengths": 72.77777777777777, "training_iteration_time_ms": 0.082, "grad_wait_time_ms": 0.082, "apply_grad_time_ms": 3.371, "apply_grad_throughput": 2966.688, "synch_weights_time_ms": 0.0, "num_env_steps_sampled": 3400, "num_env_steps_trained": 3400, "num_agent_steps_sampled": 3400, "num_agent_steps_trained": 3400, "_timestamp": 1668708586.2005596, "_runtime": 1574.4618046283722, "_step": 16, "_wandb": {"runtime": 5037}}