{"pole_angles": 0.0799071341753006, "episode_reward": 22.289473684210527, "episode_lengths": 22.289473684210527, "training_iteration_time_ms": 0.1, "grad_wait_time_ms": 0.1, "apply_grad_time_ms": 0.701, "apply_grad_throughput": 14264.399, "synch_weights_time_ms": 0.801, "num_env_steps_sampled": 3400, "num_env_steps_trained": 3400, "num_agent_steps_sampled": 3400, "num_agent_steps_trained": 3400, "_timestamp": 1666277627.7918682, "_runtime": 5.826461315155029, "_step": 0}