{"pole_angles": 0.08039875328540802, "episode_reward": 22.261904761904763, "episode_lengths": 22.261904761904763, "training_iteration_time_ms": 0.5, "grad_wait_time_ms": 0.25, "apply_grad_time_ms": 0.896, "apply_grad_throughput": 11158.328, "synch_weights_time_ms": 0.854, "num_env_steps_sampled": 2820, "num_env_steps_trained": 2820, "num_agent_steps_sampled": 2820, "num_agent_steps_trained": 2820, "_timestamp": 1666271460.6243627, "_runtime": 5.934940814971924, "_step": 0}