{"allreduce_latency": 0.0, "grad_gnorm": 16.18760871887207, "cur_lr": 0.001, "entropy_coeff": 0.01, "policy_entropy": 15.900430679321289, "policy_loss": -9.408744812011719, "vf_loss": 2.2505834102630615, "total_loss": -8.44245719909668, "pole_angles": 0.0, "episode_reward": -9.966666666666661, "episode_lengths": 110.66666666666667, "training_iteration_time_ms": 2.652, "grad_wait_time_ms": 0.969, "apply_grad_time_ms": 6.499, "apply_grad_throughput": 1538.613, "synch_weights_time_ms": 8.695, "num_env_steps_sampled": 400, "num_env_steps_trained": 400, "num_agent_steps_sampled": 400, "num_agent_steps_trained": 400, "_timestamp": 1669373972.3317919, "_runtime": 39.94554591178894, "_step": 1}