{"pole_angles": 0.0832611620426178, "episode_reward": 23.55072463768116, "episode_lengths": 23.55072463768116, "training_iteration_time_ms": 0.312, "grad_wait_time_ms": 0.312, "apply_grad_time_ms": 1.763, "apply_grad_throughput": 5670.737, "synch_weights_time_ms": 0.15, "num_env_steps_sampled": 1620, "num_env_steps_trained": 1620, "num_agent_steps_sampled": 1620, "num_agent_steps_trained": 1620, "_timestamp": 1666261956.1432896, "_runtime": 6.109579563140869, "_step": 0}