{"allreduce_latency": 0.0, "grad_gnorm": 30.0, "cur_lr": 0.001, "entropy_coeff": 0.01, "policy_entropy": 6.931471824645996, "policy_loss": 37.004058837890625, "vf_loss": 179.83445739746094, "total_loss": 126.85197448730469, "_timestamp": 1664529178.3358448, "_runtime": 735.6430237293243, "_step": 1, "episode_reward": [30.0], "episode_lengths": [30], "training_iteration_time_ms": 7962.456, "grad_wait_time_ms": 5164.345, "apply_grad_time_ms": 169.1, "apply_grad_throughput": 59.137, "synch_weights_time_ms": 2.237, "num_env_steps_sampled": 10, "num_env_steps_trained": 10, "num_agent_steps_sampled": 10, "num_agent_steps_trained": 10}