{"loss": 3.0, "_timestamp": 1664465326.69524, "_runtime": 0.9378979206085205, "_step": 9, "_wandb": {"runtime": 14}}