{"allreduce_latency": 0.0, "grad_gnorm": 2.7831177711486816, "cur_lr": 0.001, "entropy_coeff": 0.01, "policy_entropy": 12.692081451416016, "policy_loss": 0.14476671814918518, "vf_loss": 0.5718703866004944, "total_loss": 0.30378109216690063, "pole_angles": 0.0, "episode_reward": 0.4229999999999999, "episode_lengths": 6.77, "training_iteration_time_ms": 2.689, "grad_wait_time_ms": 1.871, "apply_grad_time_ms": 1.661, "apply_grad_throughput": 6019.898, "synch_weights_time_ms": 0.62, "num_env_steps_sampled": 4000, "num_env_steps_trained": 4000, "num_agent_steps_sampled": 4000, "num_agent_steps_trained": 4000, "_timestamp": 1668595497.5360909, "_runtime": 867.1342587471008, "_step": 19, "_wandb": {"runtime": 866}}