{"loss": 3.0, "_timestamp": 1664465829.0152993, "_runtime": 1.394045352935791, "_step": 9, "_wandb": {"runtime": 0}}