{"pole_angles": 0.07750102132558823, "episode_reward": 32.88, "episode_lengths": 32.88, "training_iteration_time_ms": 8.288, "grad_wait_time_ms": 1.116, "apply_grad_time_ms": 12.586, "apply_grad_throughput": 794.532, "synch_weights_time_ms": 5.621, "num_env_steps_sampled": 820, "num_env_steps_trained": 820, "num_agent_steps_sampled": 820, "num_agent_steps_trained": 820, "_timestamp": 1664550612.3094163, "_runtime": 29.089633226394653, "_step": 4, "allreduce_latency": 0.0, "grad_gnorm": 30.0, "cur_lr": 0.001, "entropy_coeff": 0.01, "policy_entropy": 6.214892864227295, "policy_loss": 42.30343246459961, "vf_loss": 181.42857360839844, "total_loss": 132.95556640625}