{"pole_angles": 0.0, "episode_reward": 0.600374531835206, "episode_lengths": 4.99625468164794, "training_iteration_time_ms": 2.342, "grad_wait_time_ms": 1.121, "apply_grad_time_ms": 2.167, "apply_grad_throughput": 4615.313, "synch_weights_time_ms": 3.751, "num_env_steps_sampled": 2800, "num_env_steps_trained": 2800, "num_agent_steps_sampled": 2800, "num_agent_steps_trained": 2800, "_timestamp": 1666601845.2332065, "_runtime": 11.716732501983643, "_step": 1, "allreduce_latency": 0.0, "grad_gnorm": 1.4387091398239136, "cur_lr": 0.001, "entropy_coeff": 0.01, "policy_entropy": 9.129688262939453, "policy_loss": 0.09120632708072662, "vf_loss": 0.13523541390895844, "total_loss": 0.06752714514732361}