{"allreduce_latency": 0.0, "grad_gnorm": 7.0259785652160645, "cur_lr": 0.001, "entropy_coeff": 0.01, "policy_entropy": 12.59782886505127, "policy_loss": 2.2626125812530518, "vf_loss": 0.6203457713127136, "total_loss": 2.4468071460723877, "pole_angles": 0.0, "episode_reward": -20.000000000000014, "episode_lengths": 200.0, "training_iteration_time_ms": 2.178, "grad_wait_time_ms": 0.859, "apply_grad_time_ms": 7.557, "apply_grad_throughput": 1323.245, "synch_weights_time_ms": 3.934, "num_env_steps_sampled": 400, "num_env_steps_trained": 400, "num_agent_steps_sampled": 400, "num_agent_steps_trained": 400, "_timestamp": 1668606868.3168669, "_runtime": 114.43855595588684, "_step": 1}