{"pole_angles": 0.0, "episode_reward": 0.627, "episode_lengths": 4.73, "training_iteration_time_ms": 3.028, "grad_wait_time_ms": 1.232, "apply_grad_time_ms": 12.944, "apply_grad_throughput": 772.567, "synch_weights_time_ms": 4.336, "num_env_steps_sampled": 6890, "num_env_steps_trained": 6890, "num_agent_steps_sampled": 6890, "num_agent_steps_trained": 6890, "_timestamp": 1668519955.7372613, "_runtime": 88.38060235977173, "_step": 15, "allreduce_latency": 0.0, "grad_gnorm": 2.5748045444488525, "cur_lr": 0.001, "entropy_coeff": 0.01, "policy_entropy": 10.829351425170898, "policy_loss": 1.1106516122817993, "vf_loss": 0.13435478508472443, "total_loss": 1.069535493850708}