{"pole_angles": 0.07464371621608734, "episode_reward": 25.61904761904762, "episode_lengths": 25.61904761904762, "training_iteration_time_ms": 0.424, "grad_wait_time_ms": 0.371, "num_env_steps_sampled": 1080, "num_env_steps_trained": 1080, "num_agent_steps_sampled": 1080, "num_agent_steps_trained": 1080, "_timestamp": 1664539243.2581148, "_runtime": 54.01421880722046, "_step": 1, "apply_grad_time_ms": 8.333, "apply_grad_throughput": 1200.063, "synch_weights_time_ms": 3.087}