{"allreduce_latency": 0.0, "grad_gnorm": 3.0188918113708496, "cur_lr": 0.001, "entropy_coeff": 0.01, "policy_entropy": 7.037935733795166, "policy_loss": 0.1710289716720581, "vf_loss": 0.050210196524858475, "total_loss": 0.125754714012146, "pole_angles": 0.0, "episode_reward": 0.662, "episode_lengths": 4.38, "training_iteration_time_ms": 0.5, "grad_wait_time_ms": 0.301, "apply_grad_time_ms": 1.26, "apply_grad_throughput": 7937.744, "synch_weights_time_ms": 1.399, "num_env_steps_sampled": 2400, "num_env_steps_trained": 2400, "num_agent_steps_sampled": 2400, "num_agent_steps_trained": 2400, "_timestamp": 1668782881.068743, "_runtime": 1197.2304029464722, "_step": 11}