{"allreduce_latency": 0.0, "grad_gnorm": 9.926766395568848, "cur_lr": 0.001, "entropy_coeff": 0.01, "policy_entropy": 11.721687316894531, "policy_loss": 3.614158868789673, "vf_loss": 1.277587890625, "total_loss": 4.135735511779785, "pole_angles": 0.0, "episode_reward": -0.06793893129770961, "episode_lengths": 11.679389312977099, "training_iteration_time_ms": 0.802, "grad_wait_time_ms": 0.802, "apply_grad_time_ms": 0.0, "apply_grad_throughput": 0.0, "synch_weights_time_ms": 0.0, "num_env_steps_sampled": 1530, "num_env_steps_trained": 1530, "num_agent_steps_sampled": 1530, "num_agent_steps_trained": 1530, "_timestamp": 1666968169.1723335, "_runtime": 6.2340123653411865, "_step": 0}