{"allreduce_latency": 0.0, "grad_gnorm": 2.2594854831695557, "cur_lr": 0.001, "entropy_coeff": 0.01, "policy_entropy": 8.668079376220703, "policy_loss": -0.11524324119091034, "vf_loss": 0.14423727989196777, "total_loss": -0.12980538606643677, "pole_angles": 0.0, "episode_reward": 0.6792253521126761, "episode_lengths": 4.207746478873239, "training_iteration_time_ms": 0.304, "grad_wait_time_ms": 0.304, "apply_grad_time_ms": 3.753, "apply_grad_throughput": 2664.387, "synch_weights_time_ms": 2.708, "num_env_steps_sampled": 5880, "num_env_steps_trained": 5880, "num_agent_steps_sampled": 5880, "num_agent_steps_trained": 5880, "_timestamp": 1665746925.7558198, "_runtime": 28.54700469970703, "_step": 4, "_wandb": {"runtime": 87}}