{"allreduce_latency": 0.0, "grad_gnorm": 30.0, "cur_lr": 0.001, "entropy_coeff": 0.01, "policy_entropy": 5.85190486907959, "policy_loss": 51.54471206665039, "vf_loss": 162.518310546875, "total_loss": 132.74534606933594, "pole_angles": 0.08575428277254105, "episode_reward": 26.45, "episode_lengths": 26.45, "training_iteration_time_ms": 0.207, "grad_wait_time_ms": 0.182, "apply_grad_time_ms": 2.376, "apply_grad_throughput": 4208.909, "synch_weights_time_ms": 1.268, "num_env_steps_sampled": 6720, "num_env_steps_trained": 6720, "num_agent_steps_sampled": 6720, "num_agent_steps_trained": 6720, "_timestamp": 1664540101.6163588, "_runtime": 47.97888374328613, "_step": 9, "_wandb": {"runtime": 63}}