{"pole_angles": 0.0, "episode_reward": -0.47444444444444434, "episode_lengths": 15.622222222222222, "training_iteration_time_ms": 2.551, "grad_wait_time_ms": 1.246, "apply_grad_time_ms": 3.394, "apply_grad_throughput": 2946.142, "synch_weights_time_ms": 3.328, "num_env_steps_sampled": 1400, "num_env_steps_trained": 1400, "num_agent_steps_sampled": 1400, "num_agent_steps_trained": 1400, "_timestamp": 1666877400.3654578, "_runtime": 11.821361780166626, "_step": 1, "allreduce_latency": 0.0, "grad_gnorm": 22.465349197387695, "cur_lr": 0.001, "entropy_coeff": 0.01, "policy_entropy": 13.36281681060791, "policy_loss": 10.647964477539062, "vf_loss": 5.870258331298828, "total_loss": 13.44946575164795}