{"loss": 3.0, "_timestamp": 1664451993.7517273, "_runtime": 1.7708563804626465, "_step": 9}