{"allreduce_latency": 0.0, "grad_gnorm": 11.024613380432129, "cur_lr": 0.001, "entropy_coeff": 0.01, "policy_entropy": 16.084701538085938, "policy_loss": -7.88782262802124, "vf_loss": 1.5811048746109009, "total_loss": -7.258117198944092, "pole_angles": 0.0, "episode_reward": -6.799999999999988, "episode_lengths": 79.0, "training_iteration_time_ms": 0.666, "grad_wait_time_ms": 0.0, "apply_grad_time_ms": 2.067, "apply_grad_throughput": 4837.051, "synch_weights_time_ms": 0.4, "num_env_steps_sampled": 200, "num_env_steps_trained": 200, "num_agent_steps_sampled": 200, "num_agent_steps_trained": 200, "_timestamp": 1669217879.8270886, "_runtime": 13.378638505935669, "_step": 0}