{"pole_angles": 0.0, "episode_reward": 0.6202898550724638, "episode_lengths": 4.797101449275362, "training_iteration_time_ms": 1.017, "grad_wait_time_ms": 0.0, "apply_grad_time_ms": 0.667, "apply_grad_throughput": 14982.868, "synch_weights_time_ms": 1.169, "num_env_steps_sampled": 2850, "num_env_steps_trained": 2850, "num_agent_steps_sampled": 2850, "num_agent_steps_trained": 2850, "_timestamp": 1667210834.9665673, "_runtime": 39.511245250701904, "_step": 2, "allreduce_latency": 0.0, "grad_gnorm": 3.58831524848938, "cur_lr": 0.001, "entropy_coeff": 0.01, "policy_entropy": 9.21397876739502, "policy_loss": 1.3388762474060059, "vf_loss": 0.15757274627685547, "total_loss": 1.325522780418396, "image of v": {"_type": "image-file", "sha256": "6bf54dd805dbe2f1b27769861f31a3daaa3b2395b4232bbb6aaf86af43cd0aea", "size": 86, "path": "media/images/image of v_2_6bf54dd805dbe2f1b277.png", "format": "png", "width": 4, "height": 4, "caption": "Top: Output, Bottom: Input"}, "_wandb": {"runtime": 39}}