{"pole_angles": 0.0, "episode_reward": 0.7964769647696477, "episode_lengths": 3.035230352303523, "training_iteration_time_ms": 1.563, "grad_wait_time_ms": 1.563, "apply_grad_time_ms": 0.0, "apply_grad_throughput": 0.0, "synch_weights_time_ms": 1.601, "num_env_steps_sampled": 36740, "num_env_steps_trained": 36740, "num_agent_steps_sampled": 36740, "num_agent_steps_trained": 36740, "_timestamp": 1666096569.8874607, "_runtime": 157.1413996219635, "_step": 29, "allreduce_latency": 0.0, "grad_gnorm": 0.10541269183158875, "cur_lr": 0.001, "entropy_coeff": 0.01, "policy_entropy": 3.3740854263305664, "policy_loss": 0.008926499634981155, "vf_loss": 3.90397290175315e-05, "total_loss": -0.02479483187198639}