{"allreduce_latency": 0.0, "grad_gnorm": 11.432585716247559, "cur_lr": 0.001, "entropy_coeff": 0.01, "policy_entropy": 11.62626838684082, "policy_loss": 6.376185417175293, "vf_loss": 2.221748113632202, "total_loss": 7.3707966804504395, "pole_angles": 0.0, "episode_reward": 0.6014970059880239, "episode_lengths": 4.985029940119761, "training_iteration_time_ms": 0.0, "grad_wait_time_ms": 0.0, "apply_grad_time_ms": 0.0, "apply_grad_throughput": 0.0, "synch_weights_time_ms": 1.572, "num_env_steps_sampled": 3390, "num_env_steps_trained": 3390, "num_agent_steps_sampled": 3390, "num_agent_steps_trained": 3390, "_timestamp": 1666345860.6860895, "_runtime": 11.320561408996582, "_step": 1}