{"allreduce_latency": 0.0, "grad_gnorm": 1.8255888223648071, "cur_lr": 0.001, "entropy_coeff": 0.01, "policy_entropy": 7.199033260345459, "policy_loss": 0.18564896285533905, "vf_loss": 0.07527671754360199, "total_loss": 0.1512969732284546, "pole_angles": 0.0, "episode_reward": 0.662, "episode_lengths": 4.38, "training_iteration_time_ms": 0.679, "grad_wait_time_ms": 0.2, "apply_grad_time_ms": 2.376, "apply_grad_throughput": 4209.12, "synch_weights_time_ms": 2.382, "num_env_steps_sampled": 2600, "num_env_steps_trained": 2600, "num_agent_steps_sampled": 2600, "num_agent_steps_trained": 2600, "_timestamp": 1669028742.466926, "_runtime": 1292.6280710697174, "_step": 12}