{"allreduce_latency": 0.0, "grad_gnorm": 2.714350938796997, "cur_lr": 0.001, "entropy_coeff": 0.01, "policy_entropy": 10.516085624694824, "policy_loss": 0.6477689146995544, "vf_loss": 0.2428780198097229, "total_loss": 0.664047122001648, "pole_angles": 0.0, "episode_reward": 0.6102003642987249, "episode_lengths": 4.89799635701275, "training_iteration_time_ms": 0.491, "grad_wait_time_ms": 0.291, "apply_grad_time_ms": 0.654, "apply_grad_throughput": 15290.937, "synch_weights_time_ms": 1.08, "num_env_steps_sampled": 5160, "num_env_steps_trained": 5160, "num_agent_steps_sampled": 5160, "num_agent_steps_trained": 5160, "_timestamp": 1666949686.2362072, "_runtime": 11.39763331413269, "_step": 2, "image of v": {"_type": "image-file", "sha256": "6bf54dd805dbe2f1b27769861f31a3daaa3b2395b4232bbb6aaf86af43cd0aea", "size": 86, "path": "media/images/image of v_2_6bf54dd805dbe2f1b277.png", "format": "png", "width": 4, "height": 4, "caption": "Top: Output, Bottom: Input"}, "_wandb": {"runtime": 11}}