{"allreduce_latency": 0.0, "grad_gnorm": 10.155158042907715, "cur_lr": 0.001, "entropy_coeff": 0.01, "policy_entropy": 16.079166412353516, "policy_loss": -8.600908279418945, "vf_loss": 1.7097373008728027, "total_loss": -7.90683126449585, "pole_angles": 0.0, "episode_reward": -7.999999999999984, "episode_lengths": 91.0, "training_iteration_time_ms": 1.201, "grad_wait_time_ms": 1.201, "apply_grad_time_ms": 0.998, "apply_grad_throughput": 10020.077, "synch_weights_time_ms": 0.489, "num_env_steps_sampled": 200, "num_env_steps_trained": 200, "num_agent_steps_sampled": 200, "num_agent_steps_trained": 200, "_timestamp": 1669217614.872, "_runtime": 13.674524068832397, "_step": 0}