{"allreduce_latency": 0.0, "grad_gnorm": 6.532454013824463, "cur_lr": 0.001, "entropy_coeff": 0.01, "policy_entropy": 13.438495635986328, "policy_loss": 8.232699394226074, "vf_loss": 2.73433256149292, "total_loss": 9.46548080444336, "pole_angles": 0.0, "episode_reward": -0.005555555555555718, "episode_lengths": 11.055555555555555, "training_iteration_time_ms": 0.0, "grad_wait_time_ms": 0.0, "apply_grad_time_ms": 2.179, "apply_grad_throughput": 4588.502, "synch_weights_time_ms": 1.3, "num_env_steps_sampled": 400, "num_env_steps_trained": 400, "num_agent_steps_sampled": 400, "num_agent_steps_trained": 400, "_timestamp": 1668608253.7900171, "_runtime": 55.91282105445862, "_step": 1, "_wandb": {"runtime": 55}}