{"allreduce_latency": 0.0, "grad_gnorm": 6.357326984405518, "cur_lr": 0.001, "entropy_coeff": 0.01, "policy_entropy": 7.861677646636963, "policy_loss": -2.7332801818847656, "vf_loss": 0.3483608067035675, "total_loss": -2.63771653175354, "pole_angles": 0.0, "episode_reward": 0.6605222734254992, "episode_lengths": 4.394777265745008, "training_iteration_time_ms": 0.55, "grad_wait_time_ms": 0.25, "apply_grad_time_ms": 0.85, "apply_grad_throughput": 11764.899, "synch_weights_time_ms": 0.898, "num_env_steps_sampled": 6020, "num_env_steps_trained": 6020, "num_agent_steps_sampled": 6020, "num_agent_steps_trained": 6020, "_timestamp": 1666348744.040716, "_runtime": 10.969506978988647, "_step": 1}