{"allreduce_latency": 0.0, "grad_gnorm": 2.6437554359436035, "cur_lr": 0.001, "entropy_coeff": 0.01, "policy_entropy": 8.60906982421875, "policy_loss": 0.4361599385738373, "vf_loss": 0.13533341884613037, "total_loss": 0.4177359342575073, "pole_angles": 0.0, "episode_reward": 0.39419953596287705, "episode_lengths": 7.058004640371229, "training_iteration_time_ms": 0.4, "grad_wait_time_ms": 0.2, "apply_grad_time_ms": 1.099, "apply_grad_throughput": 9097.681, "synch_weights_time_ms": 0.701, "num_env_steps_sampled": 3040, "num_env_steps_trained": 3040, "num_agent_steps_sampled": 3040, "num_agent_steps_trained": 3040, "_timestamp": 1666278615.5073435, "_runtime": 6.112057447433472, "_step": 0}