{"allreduce_latency": 0.0, "grad_gnorm": 2.815553903579712, "cur_lr": 0.001, "entropy_coeff": 0.01, "policy_entropy": 10.552999496459961, "policy_loss": -1.7864781618118286, "vf_loss": 0.3403124213218689, "total_loss": -1.7218519449234009, "pole_angles": 0.0, "episode_reward": 0.5651515151515151, "episode_lengths": 5.348484848484849, "training_iteration_time_ms": 2599.521, "grad_wait_time_ms": 2599.462, "apply_grad_time_ms": 1.157, "apply_grad_throughput": 8642.169, "synch_weights_time_ms": 0.887, "num_env_steps_sampled": 2070, "num_env_steps_trained": 2070, "num_agent_steps_sampled": 2070, "num_agent_steps_trained": 2070, "_timestamp": 1667211684.801707, "_runtime": 66.64844512939453, "_step": 2, "image of v": {"_type": "image-file", "sha256": "6bf54dd805dbe2f1b27769861f31a3daaa3b2395b4232bbb6aaf86af43cd0aea", "size": 86, "path": "media/images/image of v_2_6bf54dd805dbe2f1b277.png", "format": "png", "width": 4, "height": 4, "caption": "Top: Output, Bottom: Input"}, "_wandb": {"runtime": 66}}