{"allreduce_latency": 0.0, "grad_gnorm": 30.0, "cur_lr": 0.001, "entropy_coeff": 0.01, "policy_entropy": 6.639967441558838, "policy_loss": 21.400989532470703, "vf_loss": 111.92050170898438, "total_loss": 77.29483795166016, "pole_angles": 0.0833277478814125, "episode_reward": 19.732876712328768, "episode_lengths": 19.732876712328768, "training_iteration_time_ms": 0.498, "grad_wait_time_ms": 0.248, "apply_grad_time_ms": 1.0, "apply_grad_throughput": 10000.248, "synch_weights_time_ms": 0.848, "num_env_steps_sampled": 2890, "num_env_steps_trained": 2890, "num_agent_steps_sampled": 2890, "num_agent_steps_trained": 2890, "_timestamp": 1666274980.4839292, "_runtime": 6.000396251678467, "_step": 0}