{"allreduce_latency": 0.0, "grad_gnorm": 5.3624043464660645, "cur_lr": 0.001, "entropy_coeff": 0.01, "policy_entropy": 8.604498863220215, "policy_loss": -0.6144766807556152, "vf_loss": 0.32046082615852356, "total_loss": -0.5402912497520447, "pole_angles": 0.0, "episode_reward": 0.6668874172185429, "episode_lengths": 4.33112582781457, "training_iteration_time_ms": 0.799, "grad_wait_time_ms": 0.799, "apply_grad_time_ms": 3.23, "apply_grad_throughput": 3095.633, "synch_weights_time_ms": 1.155, "num_env_steps_sampled": 7030, "num_env_steps_trained": 7030, "num_agent_steps_sampled": 7030, "num_agent_steps_trained": 7030, "_timestamp": 1666093903.6974356, "_runtime": 27.336610555648804, "_step": 4, "_wandb": {"runtime": 345}}