{"pole_angles": 0.09813021123409271, "episode_reward": 39.32, "episode_lengths": 39.32, "training_iteration_time_ms": 0.173, "grad_wait_time_ms": 0.158, "apply_grad_time_ms": 1.597, "apply_grad_throughput": 6260.622, "synch_weights_time_ms": 0.915, "num_env_steps_sampled": 33940, "num_env_steps_trained": 33940, "num_agent_steps_sampled": 33940, "num_agent_steps_trained": 33940, "_timestamp": 1664550319.5472875, "_runtime": 154.86004638671875, "_step": 29, "allreduce_latency": 0.0, "grad_gnorm": 30.0, "cur_lr": 0.001, "entropy_coeff": 0.01, "policy_entropy": 6.48967981338501, "policy_loss": 19.91312026977539, "vf_loss": 142.30853271484375, "total_loss": 91.00248718261719, "_wandb": {"runtime": 153}}