{"pole_angles": 0.0, "episode_reward": 0.6551369863013699, "episode_lengths": 4.448630136986301, "training_iteration_time_ms": 0.8, "grad_wait_time_ms": 0.8, "apply_grad_time_ms": 2.37, "apply_grad_throughput": 4219.622, "synch_weights_time_ms": 0.0, "num_env_steps_sampled": 6640, "num_env_steps_trained": 6640, "num_agent_steps_sampled": 6640, "num_agent_steps_trained": 6640, "_timestamp": 1666098092.7836947, "_runtime": 27.379490852355957, "_step": 4, "allreduce_latency": 0.0, "grad_gnorm": 2.700507879257202, "cur_lr": 0.001, "entropy_coeff": 0.01, "policy_entropy": 7.733734607696533, "policy_loss": 0.6580688953399658, "vf_loss": 0.09465920180082321, "total_loss": 0.6280611753463745, "_wandb": {"runtime": 233}}